#include "engine_support.h"
#include "CommandLineParser.h"
#include <string>
#include <cstring>
#include <iostream>

#ifdef USE_DOSBOX
extern DOS_Device* DOS_CON;
#endif //USE_DOSBOX

bool unitTests = false;
std::string unitTestsPath;
int* endTestsCode;

const int printBufferSize = 4096;

//delete after finalization
uint8_t* readbuffer;

char* printbuffer;//char* buffer; // [esp+0h] [ebp-2h]
char* printbuffer2;//char v11; // [esp+40h] [ebp+3Eh]
/*int32_t x_DWORD_D41A4_x6x = 0;
int32_t x_DWORD_D41A4_x8x = 0;
int32_t x_DWORD_D41A4_xAx = -1;
int32_t x_DWORD_D41A4_xBx = -1;
int32_t x_DWORD_D41A4_xCx = -1;
int32_t x_DWORD_D41A4_xDx = -1;
char x_DWORD_D41A4_xB6 = 'C';//2A1644 b6=182
char x_DWORD_D41A4_x16x = '5';//2A15A4 16=22
uint8_t x_DWORD_D41A4_x17x = 0;
uint8_t x_DWORD_D41A4_x18x = 0;
char x_DWORD_D41A4_x19x=0;//2A51BD 19=25
uint8_t x_DWORD_D41A4_x1Ex = 0;
uint8_t x_DWORD_D41A4_x2Bx=0;
uint8_t x_DWORD_D41A4_x2Dx = 0;
int32_t x_DWORD_D41A4_x33x = 0;
int32_t x_DWORD_D41A4_x59x = 0;
int32_t x_DWORD_D41A4_x79x = 0;
int32_t x_DWORD_D41A4_x7Ax = 0;
int32_t x_DWORD_D41A4_x7Bx = 0;
int32_t x_DWORD_D41A4_x7Cx = 0;
int32_t x_DWORD_D41A4_x7Dx = 0;
int32_t x_DWORD_D41A4_x7Fx = 0;
//char* char_355198 = "8R5";
int32_t x_DWORD_D41A4_xB2 = 0;
int32_t x_DWORD_D41A4_xB4 = 0;
int32_t x_DWORD_D41A4_xB7 = 0;
int32_t x_DWORD_D41A4_xBA = 0;
int32_t x_DWORD_D41A4_xC0 = 0;
int32_t x_DWORD_D41A4_xCE = 0;
int32_t x_DWORD_D41A4_xCF = 0;
int32_t x_DWORD_D41A4_xCD = 0;
int32_t x_DWORD_D41A4_xD0 = 0;
int32_t x_DWORD_D41A4_xD8=0;
int32_t x_DWORD_D41A4_xDC = 0;
int32_t x_DWORD_D41A4_xE0 = -1;
int32_t x_DWORD_D41A4_xE1 = -1;
int32_t x_DWORD_D41A4_xE2=-1;
int32_t x_DWORD_D41A4_xE6 = -1;
int32_t x_DWORD_D41A4_xF2 = -1;
int32_t x_DWORD_D41A4_xF6 = -1;
int32_t x_DWORD_D41A4_x100 = -1;
int32_t x_DWORD_D41A4_x235 = -1;
int32_t x_DWORD_D41A4_x749 = -1;
int32_t x_DWORD_D41A4_x8CF = -1;
int32_t x_DWORD_D41A4_x94C = -1;
int32_t x_DWORD_D41A4_x954 = -1;
int32_t x_DWORD_D41A4_x21AA = -1;
int32_t x_DWORD_D41A4_x00 = -1;
int32_t x_DWORD_D41A4_x9602 = -1;
int32_t x_DWORD_D41A4_x9603 = -1;
int32_t x_DWORD_D41A4_x9677 = -1;
int32_t x_DWORD_D41A4_x967B = -1;
int32_t x_DWORD_D41A4_x967F = -1;
int32_t x_DWORD_D41A4_x4 = -1;
int32_t x_DWORD_D41A4_x965B = -1;
int32_t x_DWORD_D41A4_x966F = -1;
int32_t x_DWORD_D41A4_x9683 = -1;
int32_t x_DWORD_D41A4_x96BF = -1;
int32_t x_DWORD_D41A4_x9691 = -1;
int32_t x_DWORD_D41A4_x9692 = -1;*/

//int32_t x2124_x_DWORD_D41A4_xCx_x_DWORD_D41A0_11234 = 0;

//uint8_t* x_DWORD_E9C38_smalltit; // weak

//int32_t x_DWORD_D41A4 = -1;

//uint8_t* x_DWORD_D41A0; // weak

//uint8_t* x_D41A0_BYTEARRAY_0;
//12 - my be player counter(position of structure)
//11244 - players(my by creatures, every 2124 lenght)
//196302 - terrain input
//196308 - sky and blocks

//uint8_t* x_D41A0_BYTEARRAY_4;

type_x_D41A0_BYTEARRAY_4_struct x_D41A0_BYTEARRAY_4_struct;

int16_t x_D41A0_WORDARRAY[10000];

//uint32_t x_D41A0_BYTEARRAY_4_0xE6_heapsize;
//uint8_t* x_D41A0_BYTEARRAY_4_0xE2_heapbuffer;
//uint8_t* x_D41A0_BYTEARRAY_4_0xDE_heapbuffer;
//uint32_t* off_D918C[124];//turn off - fix it

//xx uint8_t* dword_E9C30[1000]; // weak
/*
uint8_t x_BYTE_10B4E0_terraintype[65536]; // idb// x_BYTE_10B1E0[768]//2DC4E0 //map array1
uint8_t x_BYTE_11B4E0_height[65536]; // idb		//2EC4E0    	//map array2 // heightmap
uint8_t x_BYTE_12B4E0_shading[65536]; // fix it -  weak	//2FC4E0    //map array3
uint8_t x_BYTE_13B4E0_angle[65536]; // idb//30C4E0	//map array4 // water
int16_t x_WORD_15B4E0_source[65536]; // idb//32C4E0	//map array5
*/
type_array_str_E2A74 str_E2A74 {{//2b3a74
{0x0000,{0x0000,0x0000,0x0000,0x0000,0x0000},0x00000000,0x00000000,0x00000000,0x00000000,0x00,0x00},
{0x0001,{0x0004,0x011E,0x0032,0x0140,0x0050},0x00000000,0x00000000,0x00000000,0x00000258,0x02,0x00},
{0x0001,{0x0200,0x011F,0x0032,0x0000,0x0000},0x00000000,0x00000000,0x00000000,0x00000258,0x02,0x00},
{0x0001,{0x0004,0x0120,0x0032,0x0140,0x0050},0x00000000,0x00000000,0x00000000,0x00000258,0x06,0x00},
{0x0001,{0x0024,0x0121,0x0032,0x0140,0x0050},0x00000000,0x00000000,0x00000000,0x0000012C,0x04,0x00},
{0x0001,{0x0220,0x0122,0x0032,0x01D6,0x0010},0x00000000,0x00000000,0x00000000,0x00000258,0x02,0x00},
{0x0001,{0x0404,0x0123,0x0032,0x0140,0x0050},0x00000000,0x00000000,0x00000000,0x00000258,0x02,0x00},
{0x0001,{0x0004,0x0124,0x0032,0x0140,0x0050},0x00000000,0x00000000,0x00000000,0x00000258,0x02,0x00},
{0x0001,{0x0004,0x0125,0x0032,0x0140,0x0050},0x00000000,0x00000000,0x00000000,0x00000258,0x02,0x00},
{0x0001,{0x0004,0x0126,0x0032,0x0140,0x0050},0x00000000,0x00000000,0x00000000,0x00000258,0x02,0x00},
{0x0001,{0x0624,0x0127,0x0032,0x0140,0x0050},0x00000000,0x00000000,0x00000000,0x00000258,0x05,0x00},
{0x0001,{0x0624,0x0128,0x0032,0x0140,0x0050},0x00000000,0x00000000,0x00000000,0x00000258,0x05,0x00},
{0x0001,{0x0624,0x0129,0x0032,0x0140,0x0050},0x00000000,0x00000000,0x00000000,0x00000258,0x05,0x00},
{0x0001,{0x0404,0x012A,0x0032,0x0140,0x0050},0x00000000,0x00000000,0x00000000,0x00000078,0x04,0x00},
{0x0001,{0x0404,0x012B,0x0032,0x0140,0x0050},0x00000000,0x00000000,0x00000000,0x00000258,0x05,0x00},
{0x0001,{0x0004,0x012C,0x0032,0x0140,0x0050},0x00000000,0x00000000,0x00000000,0x00000258,0x04,0x00},
{0x0001,{0x0004,0x012D,0x0032,0x0140,0x0050},0x00000000,0x00000000,0x00000000,0x00000258,0x04,0x00},
{0x0001,{0x0624,0x012E,0x0032,0x00D6,0x0010},0x00000000,0x00000000,0x00000000,0x00000190,0x05,0x00},
{0x0002,{0x0400,0x0132,0x0032,0x0000,0x0000},0x00000000,0x00000000,0x00000000,0x000000A0,0x05,0x00},
{0x0002,{0x0400,0x0133,0x0032,0x0000,0x0000},0x00000000,0x00000000,0x00000000,0x000000A0,0x05,0x00},
{0x0002,{0x0000,0x0134,0x0032,0x0000,0x0000},0x00000000,0x00000000,0x00000000,0x000000A0,0x05,0x00},
{0x0002,{0x0400,0x0135,0x0032,0x0000,0x0000},0x00000000,0x00000000,0x00000000,0x00000258,0x04,0x00},
{0x0002,{0x0000,0x0136,0x0032,0x0000,0x0000},0x00000000,0x00000000,0x00000000,0x00000140,0x04,0x00},
{0x0002,{0x0000,0x0137,0x0032,0x0000,0x0000},0x00000000,0x00000000,0x00000000,0x000000A0,0x05,0x00},
{0x0002,{0x0000,0x0138,0x0032,0x0000,0x0000},0x00000000,0x00000000,0x00000000,0x000000A0,0x05,0x00},
{0x0002,{0x0000,0x0139,0x0032,0x0000,0x0000},0x00000000,0x00000000,0x00000000,0x000000A0,0x05,0x00},
{0x0002,{0x0000,0x013A,0x0032,0x0000,0x0000},0x00000000,0x00000000,0x00000000,0x000000A0,0x05,0x00},
{0x0002,{0x0000,0x013B,0x0032,0x0000,0x0000},0x00000000,0x00000000,0x00000000,0x00000140,0x03,0x00},
{0x0002,{0x0000,0x013C,0x0032,0x0000,0x0000},0x00000000,0x00000000,0x00000000,0x000000A0,0x05,0x00},
{0x0003,{0x0220,0x013D,0x0032,0x00D6,0x0020},0x00000000,0x00000000,0x00000000,0x00000320,0x02,0x00},
{0x0003,{0x0220,0x013E,0x0032,0x00D6,0x0010},0x00000000,0x00000000,0x00000000,0x00000320,0x02,0x00},
{0x0003,{0x0220,0x013F,0x0032,0x0082,0x0010},0x00000000,0x00000000,0x00000000,0x00000320,0x02,0x00},
{0x0003,{0x0220,0x0140,0x0032,0x0140,0x0020},0x00000000,0x00000000,0x00000000,0x00000320,0x02,0x00},
{0x0003,{0x0220,0x0141,0x0032,0x0104,0x0010},0x00000000,0x00000000,0x00000000,0x00000320,0x02,0x00},
{0x0003,{0x0220,0x0142,0x0032,0x0140,0x0010},0x00000000,0x00000000,0x00000000,0x00000320,0x02,0x00},
{0x0003,{0x0620,0x0143,0x0032,0x0000,0x0000},0x00000000,0x00000000,0x00000000,0x00000320,0x02,0x00},
{0x0004,{0x0220,0x0144,0x0032,0x01D6,0x0010},0x00000000,0x00000000,0x00000000,0x00000320,0x02,0x03},
{0x0004,{0x0220,0x0145,0x0032,0x01D6,0x0020},0x00000000,0x00000000,0x00000000,0x00000320,0x02,0x03},
{0x0005,{0x0620,0x0146,0x0032,0x021C,0x0020},0x00000000,0x00000000,0x00000000,0x00000320,0x02,0x00},
{0x0005,{0x0620,0x0147,0x0032,0x0258,0x0020},0x00000000,0x00000000,0x00000000,0x00000320,0x02,0x00},
{0x0005,{0x0620,0x0148,0x0032,0x021C,0x0028},0x00000000,0x00000000,0x00000000,0x00000320,0x02,0x00},
{0x0005,{0x0620,0x0149,0x0032,0x0000,0x0000},0x00000000,0x00000000,0x00000000,0x00000320,0x02,0x00},
{0x0005,{0x0220,0x014A,0x0032,0x0230,0x0010},0x00000000,0x00000000,0x00000000,0x00000320,0x02,0x00},
{0x0006,{0x0000,0x00A0,0x0032,0x0000,0x0000},0x00000000,0x00000000,0x00000000,0x00000050,0x00,0x00},
{0x0006,{0x0000,0x00A1,0x0032,0x0000,0x0000},0x00000000,0x00000000,0x00000000,0x00000050,0x00,0x00},
{0x0006,{0x0000,0x00A2,0x0032,0x0000,0x0000},0x00000000,0x00000000,0x00000000,0x00000050,0x00,0x00},
{0x0006,{0x0000,0x00A3,0x0032,0x0000,0x0000},0x00000000,0x00000000,0x00000000,0x00000050,0x00,0x00},
{0x0006,{0x0000,0x00A4,0x0032,0x0000,0x0000},0x00000000,0x00000000,0x00000000,0x00000050,0x00,0x00},
{0x0006,{0x0000,0x00A5,0x0032,0x0000,0x0000},0x00000000,0x00000000,0x00000000,0x00000050,0x00,0x00},
{0x0006,{0x0000,0x00A6,0x0032,0x0000,0x0000},0x00000000,0x00000000,0x00000000,0x00000050,0x00,0x00},
{0x0006,{0x0000,0x00A7,0x0032,0x0000,0x0000},0x00000000,0x00000000,0x00000000,0x00000050,0x00,0x00},
{0x0006,{0x0000,0x00A8,0x0032,0x0000,0x0000},0x00000000,0x00000000,0x00000000,0x00000050,0x00,0x00},
{0x0006,{0x0000,0x00A9,0x0032,0x0000,0x0000},0x00000000,0x00000000,0x00000000,0x00000050,0x00,0x00},
{0x0006,{0x0000,0x00AA,0x0032,0x0000,0x0000},0x00000000,0x00000000,0x00000000,0x00000050,0x00,0x00},
{0x0006,{0x0000,0x00AB,0x0032,0x0000,0x0000},0x00000000,0x00000000,0x00000000,0x00000050,0x00,0x00},
{0x0006,{0x0000,0x00AC,0x0032,0x0000,0x0000},0x00000000,0x00000000,0x00000000,0x00000050,0x00,0x00},
{0x0006,{0x0000,0x00AD,0x0032,0x0000,0x0000},0x00000000,0x00000000,0x00000000,0x00000050,0x00,0x00},
{0x0006,{0x0000,0x00AE,0x0032,0x0000,0x0000},0x00000000,0x00000000,0x00000000,0x00000050,0x00,0x00},
{0x0006,{0x0000,0x00AF,0x0032,0x0000,0x0000},0x00000000,0x00000000,0x00000000,0x00000050,0x00,0x00},
{0x0006,{0x0000,0x00B0,0x0032,0x0000,0x0000},0x00000000,0x00000000,0x00000000,0x00000050,0x00,0x00},
{0x0006,{0x0000,0x00B1,0x0032,0x0000,0x0000},0x00000000,0x00000000,0x00000000,0x00000050,0x00,0x00},
{0x0006,{0x0000,0x00B2,0x0032,0x0000,0x0000},0x00000000,0x00000000,0x00000000,0x00000050,0x00,0x00},
{0x0006,{0x0000,0x00B3,0x0032,0x0000,0x0000},0x00000000,0x00000000,0x00000000,0x00000050,0x00,0x00},
{0x0006,{0x0000,0x00B4,0x0032,0x0000,0x0000},0x00000000,0x00000000,0x00000000,0x00000050,0x00,0x00},
{0x0006,{0x0000,0x00B5,0x0032,0x0000,0x0000},0x00000000,0x00000000,0x00000000,0x00000050,0x00,0x00},
{0x0006,{0x0000,0x00B6,0x0032,0x0000,0x0000},0x00000000,0x00000000,0x00000000,0x00000050,0x00,0x00},
{0x0006,{0x0000,0x00B7,0x0032,0x0000,0x0000},0x00000000,0x00000000,0x00000000,0x00000050,0x00,0x00},
{0x0006,{0x0000,0x00B8,0x0032,0x0000,0x0000},0x00000000,0x00000000,0x00000000,0x00000050,0x00,0x00},
{0x0006,{0x0000,0x00B9,0x0032,0x0000,0x0000},0x00000000,0x00000000,0x00000000,0x00000050,0x00,0x00},
{0x0006,{0x0000,0x014B,0x0032,0x0000,0x0000},0x00000000,0x00000000,0x00000000,0x00000050,0x00,0x00},
{0x0006,{0x0000,0x014C,0x0032,0x0000,0x0000},0x00000000,0x00000000,0x00000000,0x00000050,0x00,0x00},
{0x0006,{0x0000,0x014D,0x0032,0x0000,0x0000},0x00000000,0x00000000,0x00000000,0x00000050,0x00,0x00},
{0x0007,{0x0004,0x014E,0x0032,0x0140,0x0050},0x00000000,0x00000000,0x00000000,0x00000258,0x03,0x00},
{0x0007,{0x0004,0x014F,0x0032,0x0140,0x0050},0x00000000,0x00000000,0x00000000,0x00000258,0x03,0x00},
{0x0007,{0x0004,0x0150,0x0032,0x0140,0x0050},0x00000000,0x00000000,0x00000000,0x00000258,0x03,0x00},
{0x0007,{0x0004,0x0151,0x0032,0x0140,0x0050},0x00000000,0x00000000,0x00000000,0x00000258,0x03,0x00},
{0x0007,{0x0004,0x0152,0x0032,0x0140,0x0050},0x00000000,0x00000000,0x00000000,0x00000258,0x03,0x00},
{0x0007,{0x0004,0x0153,0x0032,0x0140,0x0050},0x00000000,0x00000000,0x00000000,0x00000258,0x03,0x00},
{0x0007,{0x0004,0x0154,0x0032,0x0140,0x0050},0x00000000,0x00000000,0x00000000,0x00000258,0x03,0x00},
{0x0007,{0x0004,0x0155,0x0032,0x0140,0x0050},0x00000000,0x00000000,0x00000000,0x00000258,0x03,0x00},
{0x0007,{0x0004,0x0156,0x0032,0x0140,0x0050},0x00000000,0x00000000,0x00000000,0x0000008C,0x04,0x00},
{0x0008,{0x0280,0x0157,0x0032,0x0000,0x0000},0x00000000,0x00000000,0x00000000,0x000000A0,0x05,0x00},
{0x0008,{0x0400,0x0158,0x0032,0x0000,0x0000},0x00000000,0x00000000,0x00000000,0x000000A0,0x05,0x00},
{0x0008,{0x0280,0x0159,0x0032,0x0000,0x0000},0x00000000,0x00000000,0x00000000,0x00000064,0x05,0x00},
{0x0009,{0x0004,0x011E,0x0032,0x0000,0x0000},0x00000000,0x00000000,0x00000000,0x00000000,0x00,0x00},
{0x000A,{0x0000,0x00BA,0x0046,0x0000,0x0000},0x00000000,0x00000000,0x00000000,0x00000000,0x00,0x00},
{0x000B,{0x0000,0x01A8,0x0000,0x0168,0x0072},0x00000000,0x00000000,0x00000000,0x00000000,0x00,0x00},
{0x000B,{0x0000,0x01A7,0x0000,0x0168,0x0092},0x00000000,0x00000000,0x00000000,0x00000000,0x00,0x00},
{0x000B,{0x0000,0x01AB,0x0000,0x0136,0x00B0},0x00000000,0x00000000,0x00000000,0x00000000,0x00,0x00},
{0x000B,{0x0000,0x01AA,0x0000,0x0168,0x00B0},0x00000000,0x00000000,0x00000000,0x00000000,0x00,0x00},
{0x000B,{0x0000,0x01AC,0x0000,0x0168,0x00D2},0x00000000,0x00000000,0x00000000,0x00000000,0x00,0x00},
{0x0001,{0x0004,0x017C,0x0032,0x0140,0x0050},0x00000000,0x00000000,0x00000000,0x00000064,0x04,0x00},
{0x0001,{0x0104,0x0000,0x0032,0x0140,0x0050},0x00000000,0x00000000,0x00000000,0x00000190,0x03,0x00},
{0x0001,{0x0004,0x012F,0x0032,0x0140,0x0050},0x00000000,0x00000000,0x00000000,0x00000000,0x01,0x00},
{0x0001,{0x0004,0x0130,0x0032,0x0140,0x0050},0x00000000,0x00000000,0x00000000,0x00000000,0x01,0x00},
{0x000C,{0x0000,0x0160,0x0032,0x0000,0x0000},0x00000000,0x00000000,0x00000000,0x00000000,0x01,0x00},
{0x000C,{0x0100,0x0161,0x0032,0x0000,0x0000},0x00000000,0x00000000,0x00000000,0x00000000,0x01,0x00},
{0x000D,{0x0000,0x015A,0x0032,0x003C,0x0168},0x00000000,0x00000000,0x00000000,0x00000000,0x01,0x00},
{0x000D,{0x0000,0x015B,0x0032,0x008C,0x0170},0x00000000,0x00000000,0x00000000,0x00000000,0x01,0x00},
{0x000D,{0x0000,0x015C,0x0032,0x00D4,0x0170},0x00000000,0x00000000,0x00000000,0x00000000,0x01,0x00},
{0x000D,{0x0000,0x015D,0x0032,0x0116,0x0170},0x00000000,0x00000000,0x00000000,0x00000000,0x01,0x00},
{0x000D,{0x0000,0x015E,0x0032,0x0174,0x0170},0x00000000,0x00000000,0x00000000,0x00000000,0x01,0x00},
{0x000D,{0x0000,0x015F,0x0032,0x0198,0x0168},0x00000000,0x00000000,0x00000000,0x00000000,0x01,0x00},
{0x0000,{0x0000,0x0000,0x0000,0x0000,0x0000},0x00000000,0x00000000,0x00000000,0x00000000,0x00,0x00},
{0x0000,{0x0000,0x0000,0x0000,0x0000,0x0000},0x00000000,0x00000000,0x00000000,0x00000000,0x00,0x00},
}};
/*
uint8_t test_str_E2A74[] = {
	0x00,0x00,0x00,0x00,0x00,0x00,0x00,0x00,0x00,0x00,0x00,0x00,0x00,0x00,0x00,0x00,
0x00,0x00,0x00,0x00,0x00,0x00,0x00,0x00,0x00,0x00,0x00,0x00,0x00,0x00,0x01,0x00,
0x04,0x00,0x1E,0x01,0x32,0x00,0x40,0x01,0x50,0x00,0x00,0x00,0x00,0x00,0x58,0x02,
0x00,0x00,0x00,0x00,0x00,0x00,0x58,0x02,0x00,0x00,0x02,0x02,0x01,0x00,0x00,0x02,
0x1F,0x01,0x32,0x00,0x00,0x00,0x00,0x00,0x00,0x00,0x00,0x00,0x58,0x02,0x00,0x00,
0x00,0x00,0x00,0x00,0x58,0x02,0x00,0x00,0x02,0x02,0x01,0x00,0x04,0x00,0x20,0x01,
0x32,0x00,0x40,0x01,0x50,0x00,0x00,0x00,0x00,0x00,0x58,0x02,0x00,0x00,0x00,0x00,
0x00,0x00,0x58,0x02,0x00,0x00,0x06,0x06,0x01,0x00,0x24,0x00,0x21,0x01,0x32,0x00,
0x40,0x01,0x50,0x00,0x00,0x00,0x00,0x00,0x2C,0x01,0x00,0x00,0x00,0x00,0x00,0x00,
0x2C,0x01,0x00,0x00,0x04,0x04,0x01,0x00,0x20,0x02,0x22,0x01,0x32,0x00,0xD6,0x01,
0x10,0x00,0x00,0x00,0x00,0x00,0x58,0x02,0x00,0x00,0x00,0x00,0x00,0x00,0x58,0x02,
0x00,0x00,0x02,0x02,0x01,0x00,0x04,0x04,0x23,0x01,0x32,0x00,0x40,0x01,0x50,0x00,
0x00,0x00,0x00,0x00,0x58,0x02,0x00,0x00,0x00,0x00,0x00,0x00,0x58,0x02,0x00,0x00,
0x02,0x02,0x01,0x00,0x04,0x00,0x24,0x01,0x32,0x00,0x40,0x01,0x50,0x00,0x00,0x00,
0x00,0x00,0x58,0x02,0x00,0x00,0x00,0x00,0x00,0x00,0x58,0x02,0x00,0x00,0x02,0x02,
0x01,0x00,0x04,0x00,0x25,0x01,0x32,0x00,0x40,0x01,0x50,0x00,0x00,0x00,0x00,0x00,
0x58,0x02,0x00,0x00,0x00,0x00,0x00,0x00,0x58,0x02,0x00,0x00,0x02,0x02,0x01,0x00,
0x04,0x00,0x26,0x01,0x32,0x00,0x40,0x01,0x50,0x00,0x00,0x00,0x00,0x00,0x58,0x02,
0x00,0x00,0x00,0x00,0x00,0x00,0x58,0x02,0x00,0x00,0x02,0x02,0x01,0x00,0x24,0x06,
0x27,0x01,0x32,0x00,0x40,0x01,0x50,0x00,0x00,0x00,0x00,0x00,0x58,0x02,0x00,0x00,
0x00,0x00,0x00,0x00,0x58,0x02,0x00,0x00,0x05,0x05,0x01,0x00,0x24,0x06,0x28,0x01,
0x32,0x00,0x40,0x01,0x50,0x00,0x00,0x00,0x00,0x00,0x58,0x02,0x00,0x00,0x00,0x00,
0x00,0x00,0x58,0x02,0x00,0x00,0x05,0x05,0x01,0x00,0x24,0x06,0x29,0x01,0x32,0x00,
0x40,0x01,0x50,0x00,0x00,0x00,0x00,0x00,0x58,0x02,0x00,0x00,0x00,0x00,0x00,0x00,
0x58,0x02,0x00,0x00,0x05,0x05,0x01,0x00,0x04,0x04,0x2A,0x01,0x32,0x00,0x40,0x01,
0x50,0x00,0x00,0x00,0x00,0x00,0x78,0x00,0x00,0x00,0x00,0x00,0x00,0x00,0x78,0x00,
0x00,0x00,0x04,0x04,0x01,0x00,0x04,0x04,0x2B,0x01,0x32,0x00,0x40,0x01,0x50,0x00,
0x00,0x00,0x00,0x00,0x58,0x02,0x00,0x00,0x00,0x00,0x00,0x00,0x58,0x02,0x00,0x00,
0x05,0x05,0x01,0x00,0x04,0x00,0x2C,0x01,0x32,0x00,0x40,0x01,0x50,0x00,0x00,0x00,
0x00,0x00,0x58,0x02,0x00,0x00,0x00,0x00,0x00,0x00,0x58,0x02,0x00,0x00,0x04,0x04,
0x01,0x00,0x04,0x00,0x2D,0x01,0x32,0x00,0x40,0x01,0x50,0x00,0x00,0x00,0x00,0x00,
0x58,0x02,0x00,0x00,0x00,0x00,0x00,0x00,0x58,0x02,0x00,0x00,0x04,0x04,0x01,0x00,
0x24,0x06,0x2E,0x01,0x32,0x00,0xD6,0x00,0x10,0x00,0x00,0x00,0x00,0x00,0x90,0x01,
0x00,0x00,0x00,0x00,0x00,0x00,0x90,0x01,0x00,0x00,0x05,0x05,0x02,0x00,0x00,0x04,
0x32,0x01,0x32,0x00,0x00,0x00,0x00,0x00,0x00,0x00,0x00,0x00,0xA0,0x00,0x00,0x00,
0x00,0x00,0x00,0x00,0xA0,0x00,0x00,0x00,0x05,0x05,0x02,0x00,0x00,0x04,0x33,0x01,
0x32,0x00,0x00,0x00,0x00,0x00,0x00,0x00,0x00,0x00,0xA0,0x00,0x00,0x00,0x00,0x00,
0x00,0x00,0xA0,0x00,0x00,0x00,0x05,0x05,0x02,0x00,0x00,0x00,0x34,0x01,0x32,0x00,
0x00,0x00,0x00,0x00,0x00,0x00,0x00,0x00,0xA0,0x00,0x00,0x00,0x00,0x00,0x00,0x00,
0xA0,0x00,0x00,0x00,0x05,0x05,0x02,0x00,0x00,0x04,0x35,0x01,0x32,0x00,0x00,0x00,
0x00,0x00,0x00,0x00,0x00,0x00,0x58,0x02,0x00,0x00,0x00,0x00,0x00,0x00,0x58,0x02,
0x00,0x00,0x04,0x04,0x02,0x00,0x00,0x00,0x36,0x01,0x32,0x00,0x00,0x00,0x00,0x00,
0x00,0x00,0x00,0x00,0x40,0x01,0x00,0x00,0x00,0x00,0x00,0x00,0x40,0x01,0x00,0x00,
0x04,0x04,0x02,0x00,0x00,0x00,0x37,0x01,0x32,0x00,0x00,0x00,0x00,0x00,0x00,0x00,
0x00,0x00,0xA0,0x00,0x00,0x00,0x00,0x00,0x00,0x00,0xA0,0x00,0x00,0x00,0x05,0x05,
0x02,0x00,0x00,0x00,0x38,0x01,0x32,0x00,0x00,0x00,0x00,0x00,0x00,0x00,0x00,0x00,
0xA0,0x00,0x00,0x00,0x00,0x00,0x00,0x00,0xA0,0x00,0x00,0x00,0x05,0x05,0x02,0x00,
0x00,0x00,0x39,0x01,0x32,0x00,0x00,0x00,0x00,0x00,0x00,0x00,0x00,0x00,0xA0,0x00,
0x00,0x00,0x00,0x00,0x00,0x00,0xA0,0x00,0x00,0x00,0x05,0x05,0x02,0x00,0x00,0x00,
0x3A,0x01,0x32,0x00,0x00,0x00,0x00,0x00,0x00,0x00,0x00,0x00,0xA0,0x00,0x00,0x00,
0x00,0x00,0x00,0x00,0xA0,0x00,0x00,0x00,0x05,0x05,0x02,0x00,0x00,0x00,0x3B,0x01,
0x32,0x00,0x00,0x00,0x00,0x00,0x00,0x00,0x00,0x00,0x40,0x01,0x00,0x00,0x00,0x00,
0x00,0x00,0x40,0x01,0x00,0x00,0x03,0x03,0x02,0x00,0x00,0x00,0x3C,0x01,0x32,0x00,
0x00,0x00,0x00,0x00,0x00,0x00,0x00,0x00,0xA0,0x00,0x00,0x00,0x00,0x00,0x00,0x00,
0xA0,0x00,0x00,0x00,0x05,0x05,0x03,0x00,0x20,0x02,0x3D,0x01,0x32,0x00,0xD6,0x00,
0x20,0x00,0x00,0x00,0x00,0x00,0x20,0x03,0x00,0x00,0x00,0x00,0x00,0x00,0x20,0x03,
0x00,0x00,0x02,0x02,0x03,0x00,0x20,0x02,0x3E,0x01,0x32,0x00,0xD6,0x00,0x10,0x00,
0x00,0x00,0x00,0x00,0x20,0x03,0x00,0x00,0x00,0x00,0x00,0x00,0x20,0x03,0x00,0x00,
0x02,0x02,0x03,0x00,0x20,0x02,0x3F,0x01,0x32,0x00,0x82,0x00,0x10,0x00,0x00,0x00,
0x00,0x00,0x20,0x03,0x00,0x00,0x00,0x00,0x00,0x00,0x20,0x03,0x00,0x00,0x02,0x02,
0x03,0x00,0x20,0x02,0x40,0x01,0x32,0x00,0x40,0x01,0x20,0x00,0x00,0x00,0x00,0x00,
0x20,0x03,0x00,0x00,0x00,0x00,0x00,0x00,0x20,0x03,0x00,0x00,0x02,0x02,0x03,0x00,
0x20,0x02,0x41,0x01,0x32,0x00,0x04,0x01,0x10,0x00,0x00,0x00,0x00,0x00,0x20,0x03,
0x00,0x00,0x00,0x00,0x00,0x00,0x20,0x03,0x00,0x00,0x02,0x02,0x03,0x00,0x20,0x02,
0x42,0x01,0x32,0x00,0x40,0x01,0x10,0x00,0x00,0x00,0x00,0x00,0x20,0x03,0x00,0x00,
0x00,0x00,0x00,0x00,0x20,0x03,0x00,0x00,0x02,0x02,0x03,0x00,0x20,0x06,0x43,0x01,
0x32,0x00,0x00,0x00,0x00,0x00,0x00,0x00,0x00,0x00,0x20,0x03,0x00,0x00,0x00,0x00,
0x00,0x00,0x20,0x03,0x00,0x00,0x02,0x02,0x04,0x00,0x20,0x02,0x44,0x01,0x32,0x00,
0xD6,0x01,0x10,0x00,0x00,0x00,0x00,0x00,0x20,0x03,0x00,0x00,0x00,0x00,0x00,0x00,
0x20,0x03,0x00,0x00,0x02,0x03,0x04,0x00,0x20,0x02,0x45,0x01,0x32,0x00,0xD6,0x01,
0x20,0x00,0x00,0x00,0x00,0x00,0x20,0x03,0x00,0x00,0x00,0x00,0x00,0x00,0x20,0x03,
0x00,0x00,0x02,0x03,0x05,0x00,0x20,0x06,0x46,0x01,0x32,0x00,0x1C,0x02,0x20,0x00,
0x00,0x00,0x00,0x00,0x20,0x03,0x00,0x00,0x00,0x00,0x00,0x00,0x20,0x03,0x00,0x00,
0x02,0x02,0x05,0x00,0x20,0x06,0x47,0x01,0x32,0x00,0x58,0x02,0x20,0x00,0x00,0x00,
0x00,0x00,0x20,0x03,0x00,0x00,0x00,0x00,0x00,0x00,0x20,0x03,0x00,0x00,0x02,0x02,
0x05,0x00,0x20,0x06,0x48,0x01,0x32,0x00,0x1C,0x02,0x28,0x00,0x00,0x00,0x00,0x00,
0x20,0x03,0x00,0x00,0x00,0x00,0x00,0x00,0x20,0x03,0x00,0x00,0x02,0x02,0x05,0x00,
0x20,0x06,0x49,0x01,0x32,0x00,0x00,0x00,0x00,0x00,0x00,0x00,0x00,0x00,0x20,0x03,
0x00,0x00,0x00,0x00,0x00,0x00,0x20,0x03,0x00,0x00,0x02,0x02,0x05,0x00,0x20,0x02,
0x4A,0x01,0x32,0x00,0x30,0x02,0x10,0x00,0x00,0x00,0x00,0x00,0x20,0x03,0x00,0x00,
0x00,0x00,0x00,0x00,0x20,0x03,0x00,0x00,0x02,0x02,0x06,0x00,0x00,0x00,0xA0,0x00,
0x32,0x00,0x00,0x00,0x00,0x00,0x00,0x00,0x00,0x00,0x50,0x00,0x00,0x00,0x00,0x00,
0x00,0x00,0x50,0x00,0x00,0x00,0x00,0x00,0x06,0x00,0x00,0x00,0xA1,0x00,0x32,0x00,
0x00,0x00,0x00,0x00,0x00,0x00,0x00,0x00,0x50,0x00,0x00,0x00,0x00,0x00,0x00,0x00,
0x50,0x00,0x00,0x00,0x00,0x00,0x06,0x00,0x00,0x00,0xA2,0x00,0x32,0x00,0x00,0x00,
0x00,0x00,0x00,0x00,0x00,0x00,0x50,0x00,0x00,0x00,0x00,0x00,0x00,0x00,0x50,0x00,
0x00,0x00,0x00,0x00,0x06,0x00,0x00,0x00,0xA3,0x00,0x32,0x00,0x00,0x00,0x00,0x00,
0x00,0x00,0x00,0x00,0x50,0x00,0x00,0x00,0x00,0x00,0x00,0x00,0x50,0x00,0x00,0x00,
0x00,0x00,0x06,0x00,0x00,0x00,0xA4,0x00,0x32,0x00,0x00,0x00,0x00,0x00,0x00,0x00,
0x00,0x00,0x50,0x00,0x00,0x00,0x00,0x00,0x00,0x00,0x50,0x00,0x00,0x00,0x00,0x00,
0x06,0x00,0x00,0x00,0xA5,0x00,0x32,0x00,0x00,0x00,0x00,0x00,0x00,0x00,0x00,0x00,
0x50,0x00,0x00,0x00,0x00,0x00,0x00,0x00,0x50,0x00,0x00,0x00,0x00,0x00,0x06,0x00,
0x00,0x00,0xA6,0x00,0x32,0x00,0x00,0x00,0x00,0x00,0x00,0x00,0x00,0x00,0x50,0x00,
0x00,0x00,0x00,0x00,0x00,0x00,0x50,0x00,0x00,0x00,0x00,0x00,0x06,0x00,0x00,0x00,
0xA7,0x00,0x32,0x00,0x00,0x00,0x00,0x00,0x00,0x00,0x00,0x00,0x50,0x00,0x00,0x00,
0x00,0x00,0x00,0x00,0x50,0x00,0x00,0x00,0x00,0x00,0x06,0x00,0x00,0x00,0xA8,0x00,
0x32,0x00,0x00,0x00,0x00,0x00,0x00,0x00,0x00,0x00,0x50,0x00,0x00,0x00,0x00,0x00,
0x00,0x00,0x50,0x00,0x00,0x00,0x00,0x00,0x06,0x00,0x00,0x00,0xA9,0x00,0x32,0x00,
0x00,0x00,0x00,0x00,0x00,0x00,0x00,0x00,0x50,0x00,0x00,0x00,0x00,0x00,0x00,0x00,
0x50,0x00,0x00,0x00,0x00,0x00,0x06,0x00,0x00,0x00,0xAA,0x00,0x32,0x00,0x00,0x00,
0x00,0x00,0x00,0x00,0x00,0x00,0x50,0x00,0x00,0x00,0x00,0x00,0x00,0x00,0x50,0x00,
0x00,0x00,0x00,0x00,0x06,0x00,0x00,0x00,0xAB,0x00,0x32,0x00,0x00,0x00,0x00,0x00,
0x00,0x00,0x00,0x00,0x50,0x00,0x00,0x00,0x00,0x00,0x00,0x00,0x50,0x00,0x00,0x00,
0x00,0x00,0x06,0x00,0x00,0x00,0xAC,0x00,0x32,0x00,0x00,0x00,0x00,0x00,0x00,0x00,
0x00,0x00,0x50,0x00,0x00,0x00,0x00,0x00,0x00,0x00,0x50,0x00,0x00,0x00,0x00,0x00,
0x06,0x00,0x00,0x00,0xAD,0x00,0x32,0x00,0x00,0x00,0x00,0x00,0x00,0x00,0x00,0x00,
0x50,0x00,0x00,0x00,0x00,0x00,0x00,0x00,0x50,0x00,0x00,0x00,0x00,0x00,0x06,0x00,
0x00,0x00,0xAE,0x00,0x32,0x00,0x00,0x00,0x00,0x00,0x00,0x00,0x00,0x00,0x50,0x00,
0x00,0x00,0x00,0x00,0x00,0x00,0x50,0x00,0x00,0x00,0x00,0x00,0x06,0x00,0x00,0x00,
0xAF,0x00,0x32,0x00,0x00,0x00,0x00,0x00,0x00,0x00,0x00,0x00,0x50,0x00,0x00,0x00,
0x00,0x00,0x00,0x00,0x50,0x00,0x00,0x00,0x00,0x00,0x06,0x00,0x00,0x00,0xB0,0x00,
0x32,0x00,0x00,0x00,0x00,0x00,0x00,0x00,0x00,0x00,0x50,0x00,0x00,0x00,0x00,0x00,
0x00,0x00,0x50,0x00,0x00,0x00,0x00,0x00,0x06,0x00,0x00,0x00,0xB1,0x00,0x32,0x00,
0x00,0x00,0x00,0x00,0x00,0x00,0x00,0x00,0x50,0x00,0x00,0x00,0x00,0x00,0x00,0x00,
0x50,0x00,0x00,0x00,0x00,0x00,0x06,0x00,0x00,0x00,0xB2,0x00,0x32,0x00,0x00,0x00,
0x00,0x00,0x00,0x00,0x00,0x00,0x50,0x00,0x00,0x00,0x00,0x00,0x00,0x00,0x50,0x00,
0x00,0x00,0x00,0x00,0x06,0x00,0x00,0x00,0xB3,0x00,0x32,0x00,0x00,0x00,0x00,0x00,
0x00,0x00,0x00,0x00,0x50,0x00,0x00,0x00,0x00,0x00,0x00,0x00,0x50,0x00,0x00,0x00,
0x00,0x00,0x06,0x00,0x00,0x00,0xB4,0x00,0x32,0x00,0x00,0x00,0x00,0x00,0x00,0x00,
0x00,0x00,0x50,0x00,0x00,0x00,0x00,0x00,0x00,0x00,0x50,0x00,0x00,0x00,0x00,0x00,
0x06,0x00,0x00,0x00,0xB5,0x00,0x32,0x00,0x00,0x00,0x00,0x00,0x00,0x00,0x00,0x00,
0x50,0x00,0x00,0x00,0x00,0x00,0x00,0x00,0x50,0x00,0x00,0x00,0x00,0x00,0x06,0x00,
0x00,0x00,0xB6,0x00,0x32,0x00,0x00,0x00,0x00,0x00,0x00,0x00,0x00,0x00,0x50,0x00,
0x00,0x00,0x00,0x00,0x00,0x00,0x50,0x00,0x00,0x00,0x00,0x00,0x06,0x00,0x00,0x00,
0xB7,0x00,0x32,0x00,0x00,0x00,0x00,0x00,0x00,0x00,0x00,0x00,0x50,0x00,0x00,0x00,
0x00,0x00,0x00,0x00,0x50,0x00,0x00,0x00,0x00,0x00,0x06,0x00,0x00,0x00,0xB8,0x00,
0x32,0x00,0x00,0x00,0x00,0x00,0x00,0x00,0x00,0x00,0x50,0x00,0x00,0x00,0x00,0x00,
0x00,0x00,0x50,0x00,0x00,0x00,0x00,0x00,0x06,0x00,0x00,0x00,0xB9,0x00,0x32,0x00,
0x00,0x00,0x00,0x00,0x00,0x00,0x00,0x00,0x50,0x00,0x00,0x00,0x00,0x00,0x00,0x00,
0x50,0x00,0x00,0x00,0x00,0x00,0x06,0x00,0x00,0x00,0x4B,0x01,0x32,0x00,0x00,0x00,
0x00,0x00,0x00,0x00,0x00,0x00,0x50,0x00,0x00,0x00,0x00,0x00,0x00,0x00,0x50,0x00,
0x00,0x00,0x00,0x00,0x06,0x00,0x00,0x00,0x4C,0x01,0x32,0x00,0x00,0x00,0x00,0x00,
0x00,0x00,0x00,0x00,0x50,0x00,0x00,0x00,0x00,0x00,0x00,0x00,0x50,0x00,0x00,0x00,
0x00,0x00,0x06,0x00,0x00,0x00,0x4D,0x01,0x32,0x00,0x00,0x00,0x00,0x00,0x00,0x00,
0x00,0x00,0x50,0x00,0x00,0x00,0x00,0x00,0x00,0x00,0x50,0x00,0x00,0x00,0x00,0x00,
0x07,0x00,0x04,0x00,0x4E,0x01,0x32,0x00,0x40,0x01,0x50,0x00,0x00,0x00,0x00,0x00,
0x58,0x02,0x00,0x00,0x00,0x00,0x00,0x00,0x58,0x02,0x00,0x00,0x03,0x06,0x07,0x00,
0x04,0x00,0x4F,0x01,0x32,0x00,0x40,0x01,0x50,0x00,0x00,0x00,0x00,0x00,0x58,0x02,
0x00,0x00,0x00,0x00,0x00,0x00,0x58,0x02,0x00,0x00,0x03,0x06,0x07,0x00,0x04,0x00,
0x50,0x01,0x32,0x00,0x40,0x01,0x50,0x00,0x00,0x00,0x00,0x00,0x58,0x02,0x00,0x00,
0x00,0x00,0x00,0x00,0x58,0x02,0x00,0x00,0x03,0x06,0x07,0x00,0x04,0x00,0x51,0x01,
0x32,0x00,0x40,0x01,0x50,0x00,0x00,0x00,0x00,0x00,0x58,0x02,0x00,0x00,0x00,0x00,
0x00,0x00,0x58,0x02,0x00,0x00,0x03,0x06,0x07,0x00,0x04,0x00,0x52,0x01,0x32,0x00,
0x40,0x01,0x50,0x00,0x00,0x00,0x00,0x00,0x58,0x02,0x00,0x00,0x00,0x00,0x00,0x00,
0x58,0x02,0x00,0x00,0x03,0x06,0x07,0x00,0x04,0x00,0x53,0x01,0x32,0x00,0x40,0x01,
0x50,0x00,0x00,0x00,0x00,0x00,0x58,0x02,0x00,0x00,0x00,0x00,0x00,0x00,0x58,0x02,
0x00,0x00,0x03,0x06,0x07,0x00,0x04,0x00,0x54,0x01,0x32,0x00,0x40,0x01,0x50,0x00,
0x00,0x00,0x00,0x00,0x58,0x02,0x00,0x00,0x00,0x00,0x00,0x00,0x58,0x02,0x00,0x00,
0x03,0x06,0x07,0x00,0x04,0x00,0x55,0x01,0x32,0x00,0x40,0x01,0x50,0x00,0x00,0x00,
0x00,0x00,0x58,0x02,0x00,0x00,0x00,0x00,0x00,0x00,0x58,0x02,0x00,0x00,0x03,0x06,
0x07,0x00,0x04,0x00,0x56,0x01,0x32,0x00,0x40,0x01,0x50,0x00,0x00,0x00,0x00,0x00,
0x8C,0x00,0x00,0x00,0x00,0x00,0x00,0x00,0x8C,0x00,0x00,0x00,0x04,0x06,0x08,0x00,
0x80,0x02,0x57,0x01,0x32,0x00,0x00,0x00,0x00,0x00,0x00,0x00,0x00,0x00,0xA0,0x00,
0x00,0x00,0x00,0x00,0x00,0x00,0xA0,0x00,0x00,0x00,0x05,0x05,0x08,0x00,0x00,0x04,
0x58,0x01,0x32,0x00,0x00,0x00,0x00,0x00,0x00,0x00,0x00,0x00,0xA0,0x00,0x00,0x00,
0x00,0x00,0x00,0x00,0xA0,0x00,0x00,0x00,0x05,0x05,0x08,0x00,0x80,0x02,0x59,0x01,
0x32,0x00,0x00,0x00,0x00,0x00,0x00,0x00,0x00,0x00,0x64,0x00,0x00,0x00,0x00,0x00,
0x00,0x00,0x64,0x00,0x00,0x00,0x05,0x05,0x09,0x00,0x04,0x00,0x1E,0x01,0x32,0x00,
0x00,0x00,0x00,0x00,0x00,0x00,0x00,0x00,0x00,0x00,0x00,0x00,0x00,0x00,0x00,0x00,
0x00,0x00,0x00,0x00,0x00,0x00,0x0A,0x00,0x00,0x00,0xBA,0x00,0x46,0x00,0x00,0x00,
0x00,0x00,0x00,0x00,0x00,0x00,0x00,0x00,0x00,0x00,0x00,0x00,0x00,0x00,0x00,0x00,
0x00,0x00,0x00,0x00,0x0B,0x00,0x00,0x00,0xA8,0x01,0x00,0x00,0x68,0x01,0x72,0x00,
0x00,0x00,0x00,0x00,0x00,0x00,0x00,0x00,0x00,0x00,0x00,0x00,0x00,0x00,0x00,0x00,
0x00,0x00,0x0B,0x00,0x00,0x00,0xA7,0x01,0x00,0x00,0x68,0x01,0x92,0x00,0x00,0x00,
0x00,0x00,0x00,0x00,0x00,0x00,0x00,0x00,0x00,0x00,0x00,0x00,0x00,0x00,0x00,0x00,
0x0B,0x00,0x00,0x00,0xAB,0x01,0x00,0x00,0x36,0x01,0xB0,0x00,0x00,0x00,0x00,0x00,
0x00,0x00,0x00,0x00,0x00,0x00,0x00,0x00,0x00,0x00,0x00,0x00,0x00,0x00,0x0B,0x00,
0x00,0x00,0xAA,0x01,0x00,0x00,0x68,0x01,0xB0,0x00,0x00,0x00,0x00,0x00,0x00,0x00,
0x00,0x00,0x00,0x00,0x00,0x00,0x00,0x00,0x00,0x00,0x00,0x00,0x0B,0x00,0x00,0x00,
0xAC,0x01,0x00,0x00,0x68,0x01,0xD2,0x00,0x00,0x00,0x00,0x00,0x00,0x00,0x00,0x00,
0x00,0x00,0x00,0x00,0x00,0x00,0x00,0x00,0x00,0x00,0x01,0x00,0x04,0x00,0x7C,0x01,
0x32,0x00,0x40,0x01,0x50,0x00,0x00,0x00,0x00,0x00,0x64,0x00,0x00,0x00,0x00,0x00,
0x00,0x00,0x64,0x00,0x00,0x00,0x04,0x04,0x01,0x00,0x04,0x01,0x00,0x00,0x32,0x00,
0x40,0x01,0x50,0x00,0x00,0x00,0x00,0x00,0x90,0x01,0x00,0x00,0x00,0x00,0x00,0x00,
0x90,0x01,0x00,0x00,0x03,0x03,0x01,0x00,0x04,0x00,0x2F,0x01,0x32,0x00,0x40,0x01,
0x50,0x00,0x00,0x00,0x00,0x00,0x00,0x00,0x00,0x00,0x00,0x00,0x00,0x00,0x00,0x00,
0x00,0x00,0x01,0x01,0x01,0x00,0x04,0x00,0x30,0x01,0x32,0x00,0x40,0x01,0x50,0x00,
0x00,0x00,0x00,0x00,0x00,0x00,0x00,0x00,0x00,0x00,0x00,0x00,0x00,0x00,0x00,0x00,
0x01,0x01,0x0C,0x00,0x00,0x00,0x60,0x01,0x32,0x00,0x00,0x00,0x00,0x00,0x00,0x00,
0x00,0x00,0x00,0x00,0x00,0x00,0x00,0x00,0x00,0x00,0x00,0x00,0x00,0x00,0x01,0x01,
0x0C,0x00,0x00,0x01,0x61,0x01,0x32,0x00,0x00,0x00,0x00,0x00,0x00,0x00,0x00,0x00,
0x00,0x00,0x00,0x00,0x00,0x00,0x00,0x00,0x00,0x00,0x00,0x00,0x01,0x01,0x0D,0x00,
0x00,0x00,0x5A,0x01,0x32,0x00,0x3C,0x00,0x68,0x01,0x00,0x00,0x00,0x00,0x00,0x00,
0x00,0x00,0x00,0x00,0x00,0x00,0x00,0x00,0x00,0x00,0x01,0x01,0x0D,0x00,0x00,0x00,
0x5B,0x01,0x32,0x00,0x8C,0x00,0x70,0x01,0x00,0x00,0x00,0x00,0x00,0x00,0x00,0x00,
0x00,0x00,0x00,0x00,0x00,0x00,0x00,0x00,0x01,0x01,0x0D,0x00,0x00,0x00,0x5C,0x01,
0x32,0x00,0xD4,0x00,0x70,0x01,0x00,0x00,0x00,0x00,0x00,0x00,0x00,0x00,0x00,0x00,
0x00,0x00,0x00,0x00,0x00,0x00,0x01,0x01,0x0D,0x00,0x00,0x00,0x5D,0x01,0x32,0x00,
0x16,0x01,0x70,0x01,0x00,0x00,0x00,0x00,0x00,0x00,0x00,0x00,0x00,0x00,0x00,0x00,
0x00,0x00,0x00,0x00,0x01,0x01,0x0D,0x00,0x00,0x00,0x5E,0x01,0x32,0x00,0x74,0x01,
0x70,0x01,0x00,0x00,0x00,0x00,0x00,0x00,0x00,0x00,0x00,0x00,0x00,0x00,0x00,0x00,
0x00,0x00,0x01,0x01,0x0D,0x00,0x00,0x00,0x5F,0x01,0x32,0x00,0x98,0x01,0x68,0x01,
0x00,0x00,0x00,0x00,0x00,0x00,0x00,0x00,0x00,0x00,0x00,0x00,0x00,0x00,0x00,0x00,
0x01,0x01,0x00,0x00,0x00,0x00,0x00,0x00,0x00,0x00,0x00,0x00,0x00,0x00,0x00,0x00,
0x00,0x00,0x00,0x00,0x00,0x00,0x00,0x00,0x00,0x00,0x00,0x00,0x00,0x00,0x00,0x00,
0x00,0x00,0x00,0x00,0x00,0x00,0x00,0x00,0x00,0x00,0x00,0x00,0x00,0x00,0x00,0x00,
0x00,0x00,0x00,0x00,0x00,0x00,0x00,0x00,0x00,0x00,0x00,0x00,0x00,0x00,0x00,0x00,
0x00,0x00,0x00,0x00,0x01,0x00,0x00,0x00,0x00,0x00,0x00,0x00,0x00,0x07,0x00,0x00,
0x00,0x00,0x00,0x00,0x01,0x00,0x00,0x00,0x00,0x27,0x31,0x32,0x33,0x34,0x35,0x36,
0x37,0x38,0x39,0x30,0x2D,0x3D,0x08,0x09,0x51,0x57,0x45,0x52,0x54,0x59,0x55,0x49,
0x4F,0x50,0x5B,0x5D,0x0D,0x00,0x41,0x53,0x44,0x46,0x47,0x48,0x4A,0x4B,0x4C,0x3B,
0x27,0x23,0x00,0x5C,0x5A,0x58,0x43,0x56,0x42,0x4E,0x4D,0x2C,0x2E,0x2F,0x00,0x00,
0x00,0x20,0x00,0x00,0x00,0x00,0x00,0x00,0x00,0x00,0x00,0x00,0x00,0x00,0x00,0x00,
0x00,0x00,0x2D,0x00,0x00,0x00,0x2B,0x00,0x00,0x00,0x00,0x00,0x00,0x00,0x00,0x00,
0x00,0x00,0x00,0x00,0x00,0x00,0x00,0x00,0x2F,0x00,0x00,0x28,0x29,0x2F,0x2A,0x00,
0x00,0x00,0x00,0x00,0x00,0x00,0x00,0x00,0x00,0x2E,0x0D,0x00,0x40,0x01,0xC8,0x00,
0x00,0x00,0x00,0x00,0x00,0x00,0x00,0x00,0x40,0x01,0xC8,0x00,0x40,0x01,0xC8,0x00,
0x19,0x00,0x00,0x00,0x01,0x00,0x00,0x00,0x84,0x2F,0x2A,0x00,0x90,0x2F,0x2A,0x00,
0x9C,0x2F,0x2A,0x00,0xA8,0x2F,0x2A,0x00,0xB8,0x2F,0x2A,0x00,0xC8,0x2F,0x2A,0x00,
0xD4,0x2F,0x2A,0x00,0xE0,0x2F,0x2A,0x00,0xEC,0x2F,0x2A,0x00,0x00,0x00,0x00,0x00,
0x0A,0x00,0x00,0x00,0x00,0x00,0x00,0x01,0x01,0x09,0x00,0xFC,0x00,0x00,0x00,0x00,
0x00,0x00,0x00,0x00,0x00,0x00,0x00,0x00,0x00,0xFF,0x00,0x00,0x7F,0x00,0x00,0x00,
0x36,0x03,0x36,0x03,0x01,0x00,0x00,0x00,0x00,0x00,0x00,0x00,0xA0,0x30,0x2A,0x00,
0xAC,0x30,0x2A,0x00,0xB8,0x30,0x2A,0x00,0xC4,0x30,0x2A,0x00,0xD0,0x30,0x2A,0x00,
0xDC,0x30,0x2A,0x00,0xE8,0x30,0x2A,0x00,0xF8,0x30,0x2A,0x00,0x04,0x31,0x2A,0x00,
0x0C,0x31,0x2A,0x00,0x18,0x31,0x2A,0x00,0x28,0x31,0x2A,0x00,0x34,0x31,0x2A,0x00,
0x00,0x00,0x00,0x00,0x7F,0x00,0x00,0x00,0x00,0x00,0x00,0x00,0x00,0x00,0x00,0x00,
0x00,0x00,0x00,0x00,0x00,0x00,0x00,0x00,0x00,0x00,0x00,0x00,0x00,0x00,0x00,0x00,
0x00,0x00,0x00,0x01,0x00,0x00,0xFF,0x00,0x00,0x00,0x00,0x00,0x00,0x00,0x00,0x00,
0x00,0x00,0x00,0x00,0x00,0x00,0x00,0x00,0x00,0x00,0x00,0x00,0x00,0x00,0x00,0x00,
0x00,0x00,0x00,0x00,0x00,0x00,0x00,0x00,0x00,0x00,0x00,0x00,0x00,0x00,0x00,0x00,
0x05,0x00,0x00,0x00,0x69,0x6E,0x74,0x72,0x6F,0x5C,0x69,0x6E,0x74,0x72,0x6F,0x2E,
0x64,0x61,0x74,0x00,0x00,0x00,0x00,0x00,0x00,0x00,0x00,0x00,0x00,0x00,0x00,0x00,
0x00,0x00,0x00,0x00,0x00,0x00,0x00,0x00,0x00,0x00,0x00,0x00,0x00,0x00,0x00,0x00,
0x00,0x00,0x00,0x00,0x00,0x00,0x00,0x00,0x00,0x00,0x00,0x00,0x00,0x00,0x00,0x00,
0x00,0x00,0x00,0x00,0x00,0x00,0x00,0x00,0x00,0x00,0x00,0x00,0x00,0x00,0x00,0x00,
0xC2,0x03,0x00,0x63,0xD4,0x03,0x00,0x5F,0xD4,0x03,0x01,0x4F,0xD4,0x03,0x02,0x50,
0xD4,0x03,0x03,0x82,0xD4,0x03,0x04,0x54,0xD4,0x03,0x05,0x80,0xD4,0x03,0x06,0xBF,
0xD4,0x03,0x07,0x1F,0xD4,0x03,0x08,0x00,0xD4,0x03,0x09,0x40,0xD4,0x03,0x10,0x9C,
0xD4,0x03,0x11,0x8E,0xD4,0x03,0x12,0x8F,0xD4,0x03,0x13,0x28,0xD4,0x03,0x14,0x00,
0xD4,0x03,0x15,0x96,0xD4,0x03,0x16,0xB9,0xD4,0x03,0x17,0xE3,0xC4,0x03,0x01,0x01,
0xC4,0x03,0x04,0x06,0xCE,0x03,0x05,0x40,0xCE,0x03,0x06,0x05,0xC0,0x03,0x10,0x41,
0xC0,0x03,0x13,0x00,0x00,0x00,0x0A,0x00,0x50,0x00,0x0A,0x00,0x00,0x80,0x0A,0x00,
0x50,0x80,0x0A,0x00,0x00,0x00,0x00,0x00,0x00,0x00,0x00,0x00,0x2F,0x6E,0x65,0x74,
0x68,0x65,0x72,0x77,0x2F,0x73,0x6F,0x75,0x6E,0x64,0x00,0x00,0x00,0x00,0x00,0x00,
0x00,0x00,0x00,0x00,0x00,0x00,0x00,0x00,0x00,0x00,0x00,0x00,0x00,0x00,0x00,0x00,
0x00,0x00,0x00,0x00,0x00,0x00,0x00,0x00,0x00,0x00,0x00,0x00,0x00,0x00,0x00,0x00,
0x00,0x00,0x00,0x00,0x00,0x00,0x00,0x00,0x00,0x00,0x00,0x00,0x00,0x00,0x00,0x00,
0x00,0x00,0x00,0x00,0x00,0x00,0x00,0x00,0x00,0x00,0x00,0x00,0x00,0x00,0x00,0x00,
0x00,0x00,0x00,0x00,0x00,0x00,0x00,0x00,0x00,0x00,0x00,0x00,0x00,0x00,0x00,0x00,
0x00,0x00,0x00,0x00,0x00,0x00,0x00,0x00,0x00,0x00,0x00,0x00,0x00,0x00,0x00,0x00,
0x00,0x00,0x00,0x00,0x00,0x00,0x00,0x00,0x00,0x00,0x00,0x00,0x00,0x00,0x00,0x00,
0x00,0x00,0x00,0x00,0x00,0x00,0x00,0x00,0x00,0x00,0x00,0x00,0x01,0x00,0x00,0x00,
0x00,0x00,0x00,0x00,0x00,0x00,0x00,0x00,0x00,0x00,0x00,0x00,0x00,0x00,0x00,0x00,
0x00,0x00,0x00,0x00,0x00,0x00,0x00,0x00,0x01,0x00,0x00,0x00,0x01,0x00,0x00,0x00,
0x03,0x00,0x01,0x00,0x07,0x00,0x03,0x00,0x07,0x00,0x07,0x00,0x1F,0x00,0x0F,0x00,
0x3F,0x00,0x1F,0x00,0x3F,0x00,0x3F,0x00,0x00,0x00,0x00,0x00,0x00,0x00,0x00,0x00,
0x00,0x00,0x00,0x00,0x00,0x00,0x00,0x00,0x00,0x00,0x00,0x00,0x00,0x00,0x00,0x00,
0x00,0x00,0x00,0x00,0x00,0x00,0x00,0x00,0x00,0x00,0x00,0x00,0x00,0x01,0x00,0x00,
0x01,0x02,0x00,0x00,0x02,0x03,0x00,0x00,0x03,0x03,0x00,0x00,0x04,0x05,0x00,0x00,
0x05,0x06,0x00,0x00,0x06,0x06,0x00,0x00,0x00,0x00,0x00,0x00,0x00,0x00,0x00,0x00,
0x00,0x00,0x00,0x00,0x00,0x00,0x00,0x00,0x00,0x00,0x00,0x00,0x00,0x00,0x00,0x00,
0x00,0x00,0x00,0x00,0x00,0x00,0x00,0x00,0x00,0x00,0x00,0x00,0x03,0x00,0x00,0x00,
0x07,0x00,0x02,0x00,0x07,0x00,0x06,0x00,0x07,0x00,0x01,0x00,0x07,0x00,0x05,0x00,
0x0F,0x00,0x03,0x00,0x0F,0x00,0x0B,0x00,0x1F,0x00,0x07,0x00,0x1F,0x00,0x17,0x00,
0x3F,0x00,0x0F,0x00,0x3F,0x00,0x2F,0x00,0x3F,0x00,0x1F,0x00,0x7F,0x00,0x3F,0x00
};*/




struct FieldRange {
	size_t      off;        // first byte of field
	size_t      size;       // size in bytes
	const char* name;       // field path (may contain %zu for array indices)
	// For array fields we store the element size so we can compute the index.
	size_t      elem;       // 0 = scalar; >0 = element size for index calc
};

// Helper: build the table once (lazy-init via static local)
static const std::vector<FieldRange>& field_table()
{
	using S = type_shadow_D41A0_BYTESTR_0;
	using BDE = type_str_0x2BDE;
	using S164 = type_str_164;
	using S611 = type_str_611;
	using ENT = type_shadow_str_0x6E8E;
	using LEV = Type_CompressedLevel_2FECE;
	using ENT2 = type_entity_0x30311;
	using WIZ = Type_WizardMapSettings_0x360D2;
	using STA = type_str_0x36442;
	using SV = type_str_0x3647Ac;
	using SC = type_shadow_str_3654C;
	using S59 = type_substr_3659C;
	using SH = type_shadow_str_0x3647Ac;
	using S3664 = type_shadow_str_0x3664C;
	using PI = Type_PlayerInput_0x6E3E;

#define BASE(field)   offsetof(S, field)
#define BDEBASE(i,f)  (offsetof(S,array_0x2BDE) + (i)*sizeof(BDE) + offsetof(BDE,f))
#define S164BASE(i,f) (offsetof(S,array_0x2BDE) + (i)*sizeof(BDE) + offsetof(BDE,dword_0x3E6_2BE4_12228) + offsetof(S164,f))
#define S611BASE(i,f) (S164BASE(i,str_611) + offsetof(S611,f))
#define ENTBASE(i,f)  (offsetof(S,struct_0x6E8E) + (i)*sizeof(ENT) + offsetof(ENT,f))
#define LEVBASE(f)    (offsetof(S,str_2FECE) + offsetof(LEV,f))
#define ENT2BASE(k,f) (LEVBASE(array_0x30311) + (k)*sizeof(ENT2) + offsetof(ENT2,f))
#define WIZBASE(k,f)  (LEVBASE(WizardMapSettings_0x360D2) + (k)*sizeof(WIZ) + offsetof(WIZ,f))
#define STABASE(k,f)  (LEVBASE(str_0x36442) + (k)*sizeof(STA) + offsetof(STA,f))
#define SVBASE(k,f)   (LEVBASE(array_0x3647A) + (k)*sizeof(SV) + offsetof(SV,f))
#define SCBASE(i,f)   (offsetof(S,struct_0x3654C) + (i)*sizeof(SC) + offsetof(SC,f))
#define S59BASE(i,f)  (offsetof(S,struct_0x3659C) + (i)*sizeof(type_str_3659C) + offsetof(type_str_3659C,substr_3659C) + offsetof(S59,f))
#define SHBASE(i,f)   (offsetof(S,array_0x365F4) + (i)*sizeof(SH) + offsetof(SH,f))
#define S3664BASE(i,f)(offsetof(S,str_0x3664C) + (i)*sizeof(S3664) + offsetof(S3664,f))
#define PIBASE(i,f)   (offsetof(S,playerInputs_0x6E3E) + (i)*sizeof(PI) + offsetof(PI,f))

	static std::vector<FieldRange> tbl;
	if (!tbl.empty()) return tbl;

	// ── Top-level scalars ───────────────────────────────────────────────────
	tbl.push_back({ BASE(stub0),             sizeof(S::stub0[0]),          "stub0[%zu]",             1 });
	tbl.push_back({ BASE(dword_0x4),         sizeof(S::dword_0x4),         "dword_0x4",              0 });
	tbl.push_back({ BASE(dword_0x8),         sizeof(S::dword_0x8),         "dword_0x8",              0 });
	tbl.push_back({ BASE(word_0xc),          sizeof(S::word_0xc),          "word_0xc",               0 });
	tbl.push_back({ BASE(NumberOfPlayers_0xe),sizeof(S::NumberOfPlayers_0xe),"NumberOfPlayers_0xe",  0 });
	tbl.push_back({ BASE(array_0x10),        1,                            "array_0x10[%zu]",        1 });
	tbl.push_back({ BASE(dword_0x2d),        sizeof(S::dword_0x2d),        "dword_0x2d",             0 });
	tbl.push_back({ BASE(word_0x31),         sizeof(S::word_0x31),         "word_0x31",              0 });
	tbl.push_back({ BASE(word_0x33),         sizeof(S::word_0x33),         "word_0x33",              0 });
	tbl.push_back({ BASE(dword_0x35),        sizeof(S::dword_0x35),        "dword_0x35",             0 });
	tbl.push_back({ BASE(array_0x39),        1,                            "array_0x39[%zu]",        1 });
	tbl.push_back({ BASE(dword_0x235),       sizeof(S::dword_0x235),       "dword_0x235",            0 });
	tbl.push_back({ BASE(byte_0x239),        sizeof(S::byte_0x239),        "byte_0x239",             0 });
	tbl.push_back({ BASE(dword_0x23a),       sizeof(S::dword_0x23a),       "dword_0x23a",            0 });
	tbl.push_back({ BASE(dword_0x23e),       sizeof(S::dword_0x23e),       "dword_0x23e",            0 });
	tbl.push_back({ BASE(dword_0x242),       sizeof(S::dword_0x242),       "dword_0x242",            0 });
	tbl.push_back({ BASE(pointers_0x246),    sizeof(uint32_t),             "pointers_0x246[%zu]",    sizeof(uint32_t) });
	tbl.push_back({ BASE(dword_0x11e6),      sizeof(S::dword_0x11e6),      "dword_0x11e6",           0 });
	tbl.push_back({ BASE(dword_0x11EA),      sizeof(uint32_t),             "dword_0x11EA[%zu]",      sizeof(uint32_t) });

	// ── GameSettings ────────────────────────────────────────────────────────
#define GS(f,sz) tbl.push_back({BASE(m_GameSettings)+offsetof(GameSettingsStruct_t,f), sz, "m_GameSettings." #f, 0})
	GS(m_Graphics.m_wReflections, 1); GS(m_Graphics.m_wShadows, 1);
	GS(m_Graphics.m_wSky, 1);         GS(m_Graphics.m_wViewPortSize, 1);
	GS(m_Display.m_wMiniMap, 1);      GS(m_Display.m_wTopBar, 1);
	GS(m_Display.m_uiScreenSize, 1);  GS(m_Display.xxxx_0x2191, 1);
	GS(str_0x2192.xxxx_0x2192, 1);    GS(str_0x2192.xxxx_0x2193, 1);
	GS(str_0x2192.m_wResolution, 1);  GS(str_0x2192.shadows_0x2195, 1);
	GS(str_0x2196.m_wDynamicLighting, 1); GS(str_0x2196.setting_0x2197, 1);
	GS(str_0x2196.transparency_0x2198, 1); GS(str_0x2196.flat_0x2199, 1);
#undef GS

	tbl.push_back({ BASE(dword_0x219A),4,"dword_0x219A",0 });
	tbl.push_back({ BASE(dword_0x219E),4,"dword_0x219E",0 });
	tbl.push_back({ BASE(dword_0x21A2),4,"dword_0x21A2",0 });
	tbl.push_back({ BASE(dword_0x21A6),4,"dword_0x21A6",0 });

#define ST(base,f,sz,nm) tbl.push_back({BASE(base)+offsetof(decltype(S::base),f), sz, nm, 0})
	ST(str_0x21AA, creflections_0x21AA, 1, "str_0x21AA.creflections_0x21AA");
	ST(str_0x21AA, cshadows_0x21AB, 1, "str_0x21AA.cshadows_0x21AB");
	ST(str_0x21AA, csky_0x21AC, 1, "str_0x21AA.csky_0x21AC");
	ST(str_0x21AA, calter_0x21AD, 1, "str_0x21AA.calter_0x21AD");
	ST(str_0x21AE, xxxx_0x21AE, 1, "str_0x21AE.xxxx_0x21AE");
	ST(str_0x21AE, xxxx_0x21AF, 1, "str_0x21AE.xxxx_0x21AF");
	ST(str_0x21AE, xxxx_0x21B0, 1, "str_0x21AE.xxxx_0x21B0");
	ST(str_0x21AE, xxxx_0x21B1, 1, "str_0x21AE.xxxx_0x21B1");
	ST(str_0x21B2, xxxx_0x21B2, 1, "str_0x21B2.xxxx_0x21B2");
	ST(str_0x21B2, xxxx_0x21B3, 1, "str_0x21B2.xxxx_0x21B3");
	ST(str_0x21B2, cresolution_0x21B4, 1, "str_0x21B2.cresolution_0x21B4");
	ST(str_0x21B2, xxxx_0x21B5, 1, "str_0x21B2.xxxx_0x21B5");
	ST(str_0x21B6, clights_0x21B6, 1, "str_0x21B6.clights_0x21B6");
	ST(str_0x21B6, csetting_0x21B7, 1, "str_0x21B6.csetting_0x21B7");
	ST(str_0x21B6, ctransparency_0x21B8, 1, "str_0x21B6.ctransparency_0x21B8");
	ST(str_0x21B6, cflat_0x21B9, 1, "str_0x21B6.cflat_0x21B9");
#undef ST

	tbl.push_back({ BASE(stub3b), 1, "stub3b[%zu]", 1 });
	// array_0x2362[8] axis_3d  (each axis_3d = 6 bytes: x,y each 2B, z 2B)
	for (int i = 0; i < 8; i++) {
		size_t b = BASE(array_0x2362) + i * sizeof(axis_3d);
		char nm[64];
		snprintf(nm, sizeof(nm), "array_0x2362[%d].x", i); tbl.push_back({ b + 0,2,strdup(nm),0 });
		snprintf(nm, sizeof(nm), "array_0x2362[%d].y", i); tbl.push_back({ b + 2,2,strdup(nm),0 });
		snprintf(nm, sizeof(nm), "array_0x2362[%d].z", i); tbl.push_back({ b + 4,2,strdup(nm),0 });
	}
	tbl.push_back({ BASE(stub3c), 1, "stub3c[%zu]", 1 });
	tbl.push_back({ BASE(stub3d), 1, "stub3d[%zu]", 1 });

	// ── array_0x2BDE[8] ─────────────────────────────────────────────────────
	for (int i = 0; i < 8; i++) {
		char nm[256];
#define BDESC(f,sz) do { \
    snprintf(nm,sizeof(nm),"array_0x2BDE[%d]." #f, i); \
    tbl.push_back({BDEBASE(i,f), sz, strdup(nm), 0}); \
} while(0)
		BDESC(dw_w_b_0_2BDE_11230, 4);
		BDESC(byte_0x004_2BE0_11234, 1); BDESC(ShowDebugTextFlag_0x005_2BE0_11235, 1);
		BDESC(byte_0x006_2BE4_11236, 1); BDESC(word_0x007_2BE4_11237, 2);
		BDESC(IsAiPlayer_0x009_2BE4_11239, 1); BDESC(playerIndex_0x00a_2BE4_11240, 2);
		BDESC(byte_0x00c_2BE0_11242_xx, 1); BDESC(byte_0x00d_2BE0_11243_xx, 1);
		BDESC(ActPlayerIndex_0x00e_2BDE_11244, 2); BDESC(word_0x010_2BDE_11246, 2);
		BDESC(Turn_2BE0_11248, 4); BDESC(byte_0x016_2BE0_11252_xx, 1);
		BDESC(byte_0x017_2BE0_11253_xx, 1); BDESC(dword_0x018_2BDE_11254, 4);

		// char CurrentNotificationText_0x01c_2BFA_11258[49]
		for (int k = 0; k < 49; k++) {
			snprintf(nm, sizeof(nm), "array_0x2BDE[%d].CurrentNotificationText_0x01c_2BFA_11258[%d]", i, k);
			tbl.push_back({ BDEBASE(i,CurrentNotificationText_0x01c_2BFA_11258) + k,1,strdup(nm),0 });
		}
		BDESC(word_0x04d_2C2B_11307, 2); BDESC(word_0x04f_2C2D_11309, 2);

		// names_81[8][48]
		for (int r = 0; r < 8; r++) for (int c = 0; c < 48; c++) {
			snprintf(nm, sizeof(nm), "array_0x2BDE[%d].names_81[%d][%d]", i, r, c);
			tbl.push_back({ BDEBASE(i,names_81) + r * 48 + c,1,strdup(nm),0 });
		}

		// struct_0x1d1_2BDE_11695[33]
		for (int j = 0; j < 33; j++) {
			size_t jb = BDEBASE(i, struct_0x1d1_2BDE_11695) + j * sizeof(type_struct_0x1d1_2BDE_11695);
			snprintf(nm, sizeof(nm), "array_0x2BDE[%d].struct_0x1d1_2BDE_11695[%d].axis_2BDE_11695.x", i, j); tbl.push_back({ jb + offsetof(type_struct_0x1d1_2BDE_11695,axis_2BDE_11695) + 0,2,strdup(nm),0 });
			snprintf(nm, sizeof(nm), "array_0x2BDE[%d].struct_0x1d1_2BDE_11695[%d].axis_2BDE_11695.y", i, j); tbl.push_back({ jb + offsetof(type_struct_0x1d1_2BDE_11695,axis_2BDE_11695) + 2,2,strdup(nm),0 });
			snprintf(nm, sizeof(nm), "array_0x2BDE[%d].struct_0x1d1_2BDE_11695[%d].axis_2BDE_11695.z", i, j); tbl.push_back({ jb + offsetof(type_struct_0x1d1_2BDE_11695,axis_2BDE_11695) + 4,2,strdup(nm),0 });
			snprintf(nm, sizeof(nm), "array_0x2BDE[%d].struct_0x1d1_2BDE_11695[%d].rotation__2BDE_11701.yaw", i, j);   tbl.push_back({ jb + offsetof(type_struct_0x1d1_2BDE_11695,rotation__2BDE_11701) + 0,2,strdup(nm),0 });
			snprintf(nm, sizeof(nm), "array_0x2BDE[%d].struct_0x1d1_2BDE_11695[%d].rotation__2BDE_11701.pitch", i, j); tbl.push_back({ jb + offsetof(type_struct_0x1d1_2BDE_11695,rotation__2BDE_11701) + 2,2,strdup(nm),0 });
			snprintf(nm, sizeof(nm), "array_0x2BDE[%d].struct_0x1d1_2BDE_11695[%d].rotation__2BDE_11701.roll", i, j);  tbl.push_back({ jb + offsetof(type_struct_0x1d1_2BDE_11695,rotation__2BDE_11701) + 4,2,strdup(nm),0 });
			snprintf(nm, sizeof(nm), "array_0x2BDE[%d].struct_0x1d1_2BDE_11695[%d].rotation__2BDE_11701.fov", i, j);   tbl.push_back({ jb + offsetof(type_struct_0x1d1_2BDE_11695,rotation__2BDE_11701) + 6,2,strdup(nm),0 });
		}

		// WizardName[64]
		for (int k = 0; k < 64; k++) {
			snprintf(nm, sizeof(nm), "array_0x2BDE[%d].WizardName_0x39f_2BFA_12157[%d]", i, k);
			tbl.push_back({ BDEBASE(i,WizardName_0x39f_2BFA_12157) + k,1,strdup(nm),0 });
		}
		BDESC(MenuState_0x3DF_2BE4_12221, 1); BDESC(byte_0x3E0_2BE4_12222, 1);
		BDESC(byte_0x3E1_2BE4_12223, 1);      BDESC(byte_0x3E2_2BE4_12224, 1);
		BDESC(byte_0x3E3_2BE4_12225, 1);      BDESC(byte_0x3E4_2BE4_12226, 1);
		snprintf(nm, sizeof(nm), "array_0x2BDE[%d].stub3[0]", i);
		tbl.push_back({ BDEBASE(i,stub3),1,strdup(nm),0 });

		// type_str_164 dword_0x3E6_2BE4_12228
#define S164SC(f,sz) do { \
    snprintf(nm,sizeof(nm),"array_0x2BDE[%d].dword_0x3E6_2BE4_12228." #f, i); \
    tbl.push_back({S164BASE(i,f), sz, strdup(nm), 0}); \
} while(0)
		S164SC(entityIndex_0x0, 4); S164SC(rollDelta_0x4_4, 2); S164SC(pitchDelta_0x6_6, 2);
		S164SC(speed_0xc_12, 2); S164SC(word_0xe_14, 2); S164SC(strafeSpeed_0x10_16, 2);
		S164SC(position_backup_20.x, 2); S164SC(position_backup_20.y, 2);
		S164SC(nextEntity_0x18_24, 2); S164SC(entityIndex2_0x1A_26, 2);
		S164SC(moveBoost_0x1E_30, 2); S164SC(yaw_0x1E_30, 2);
		S164SC(fov_0x22_34, 2); S164SC(pitch_0x24_36, 2);
		for (int k = 0; k < 8; k++) {
			snprintf(nm, sizeof(nm), "array_0x2BDE[%d].dword_0x3E6_2BE4_12228.word_0x26_38[%d]", i, k);
			tbl.push_back({ S164BASE(i,word_0x26_38) + k * 2,2,strdup(nm),0 });
		}
		S164SC(word_0x36_54, 2); S164SC(playerColorIndex_0x38_56, 2); S164SC(CastleEntityIndex_0x3A_58, 2);
		for (int k = 0; k < 16; k++) {
			snprintf(nm, sizeof(nm), "array_0x2BDE[%d].dword_0x3E6_2BE4_12228.array_0x3C_60[%d]", i, k);
			tbl.push_back({ S164BASE(i,array_0x3C_60) + k * 2,2,strdup(nm),0 });
		}
		for (int k = 0; k < 103; k++) {
			snprintf(nm, sizeof(nm), "array_0x2BDE[%d].dword_0x3E6_2BE4_12228.array_0x5C_92[%d]", i, k);
			tbl.push_back({ S164BASE(i,array_0x5C_92) + k * 2,2,strdup(nm),0 });
		}
		S164SC(dword_0x12A_298, 4); S164SC(dword_0x12E_302, 4); S164SC(dword_0x13C_316, 4);
		S164SC(dword_0x142_322, 4); S164SC(word_0x146_326, 2); S164SC(word_0x148_328, 2);
		S164SC(word_0x14A_330, 2); S164SC(moveSpeed_0x14C_332, 1); S164SC(moveSpeedCounter_0x14D_333, 1);
		S164SC(mobilizeCounter_0x14E_334, 1); S164SC(mobilizeCounter2_0x150_336, 1);
		S164SC(byte_0x150_336, 4); S164SC(byte_0x154_340, 1);
		S164SC(roll_0x155_341, 2); S164SC(pitch_0x157_343, 2); S164SC(word_0x159_345, 2);
		for (int k = 0; k < 8; k++) {
			snprintf(nm, sizeof(nm), "array_0x2BDE[%d].dword_0x3E6_2BE4_12228.array_0x15B_347[%d]", i, k);
			tbl.push_back({ S164BASE(i,array_0x15B_347) + k,1,strdup(nm),0 });
		}
		S164SC(lifeRegen_0x163_355, 2); S164SC(dword_0x165_357, 4); S164SC(dword_0x169_361, 4);
		S164SC(dword_0x16D_365, 4); S164SC(creaturesKilledPercent_373, 4);
		S164SC(spellsCollectedPercent_377, 4); S164SC(hitAccuracyPercent_381, 4);
		S164SC(manaCollectedPercent_385, 4); S164SC(dword_0x185_389, 4);
		S164SC(time_393, 4); S164SC(dword_0x18D_397, 4);
		S164SC(byte_0x195_405, 1); S164SC(PlayerHitFrameTime_406, 1); S164SC(byte_0x197_407, 1);
		S164SC(dword_0x19A_410, 4); S164SC(maxDistance_0x19E_414, 4);
		S164SC(word_0x1A2_418, 2); S164SC(word_0x1A4_420, 2);
		S164SC(xAdd_0x1A6_422, 2); S164SC(yAdd_0x1A8_424, 2); S164SC(zAdd_0x1AA_426, 2);
		S164SC(str_0x1AC_428.word_0, 2);
		for (int k = 0; k < 8; k++) {
			snprintf(nm, sizeof(nm), "array_0x2BDE[%d].dword_0x3E6_2BE4_12228.str_0x1AC_428.word_2BDE_12658[%d]", i, k);
			tbl.push_back({ S164BASE(i,str_0x1AC_428.word_2BDE_12658) + k * 2,2,strdup(nm),0 });
		}
		S164SC(byte_0x1BE_446, 1); S164SC(byte_0x1BF_447, 1); S164SC(byte_0x1C0_448, 1);
		S164SC(byte_0x1C1_449, 1); S164SC(word_0x1C2_450, 2);
		for (int k = 0; k < 32; k++) {
			snprintf(nm, sizeof(nm), "array_0x2BDE[%d].dword_0x3E6_2BE4_12228.array_0x1FC_508[%d]", i, k);
			tbl.push_back({ S164BASE(i,array_0x1FC_508) + k * 2,2,strdup(nm),0 });
		}
		S164SC(word_0x242_578, 2); S164SC(word_0x244_580, 2); S164SC(word_0x246_582, 2);
		S164SC(word_0x248_584, 2); S164SC(word_0x24A_586, 2); S164SC(word_0x24C_588, 2);
		for (int k = 0; k < 19; k++) {
			snprintf(nm, sizeof(nm), "array_0x2BDE[%d].dword_0x3E6_2BE4_12228.array_0x24E_590[%d]", i, k);
			tbl.push_back({ S164BASE(i,array_0x24E_590) + k,1,strdup(nm),0 });
		}
		S164SC(byte_0x261_609, 1); S164SC(waterCounter_0x262_610, 1);

		// str_611
#define S611SC(f,sz) do { \
    snprintf(nm,sizeof(nm),"array_0x2BDE[%d].dword_0x3E6_2BE4_12228.str_611." #f, i); \
    tbl.push_back({S611BASE(i,f), sz, strdup(nm), 0}); \
} while(0)
		for (int k = 0; k < 26; k++) {
			snprintf(nm, sizeof(nm), "array_0x2BDE[%d].dword_0x3E6_2BE4_12228.str_611.array_0x263_611x.dword[%d]", i, k);
			tbl.push_back({ S611BASE(i,SpellExperience_0x263_611x) + k * 4,4,strdup(nm),0 });
			snprintf(nm, sizeof(nm), "array_0x2BDE[%d].dword_0x3E6_2BE4_12228.str_611.spellsExperience_0x2CB_715x[%d]", i, k);
			tbl.push_back({ S611BASE(i,spellsExperience_0x2CB_715x) + k * 4,4,strdup(nm),0 });
			snprintf(nm, sizeof(nm), "array_0x2BDE[%d].dword_0x3E6_2BE4_12228.str_611.array_0x333_819x.SpellEnabled[%d]", i, k);
			tbl.push_back({ S611BASE(i,SpellsEnabled_0x333_819x) + k * 2,2,strdup(nm),0 });
			snprintf(nm, sizeof(nm), "array_0x2BDE[%d].dword_0x3E6_2BE4_12228.str_611.array_0x367_871x.SpellEnabled[%d]", i, k);
			tbl.push_back({ S611BASE(i,array_0x367_871x) + k * 2,2,strdup(nm),0 });
			snprintf(nm, sizeof(nm), "array_0x2BDE[%d].dword_0x3E6_2BE4_12228.str_611.array_0x39B_923x.SpellIndex[%d]", i, k);
			tbl.push_back({ S611BASE(i,SpellIndexes_0x39B_923x) + k,1,strdup(nm),0 });
			snprintf(nm, sizeof(nm), "array_0x2BDE[%d].dword_0x3E6_2BE4_12228.str_611.array_0x3B5_949x.SpellIndex[%d]", i, k);
			tbl.push_back({ S611BASE(i,array_0x3B5_949x) + k,1,strdup(nm),0 });
			snprintf(nm, sizeof(nm), "array_0x2BDE[%d].dword_0x3E6_2BE4_12228.str_611.array_0x3CF_975x.SpellIndex[%d]", i, k);
			tbl.push_back({ S611BASE(i,array_0x3CF_975x) + k,1,strdup(nm),0 });
			snprintf(nm, sizeof(nm), "array_0x2BDE[%d].dword_0x3E6_2BE4_12228.str_611.array_0x3E9_1001x.SpellIndex[%d]", i, k);
			tbl.push_back({ S611BASE(i,array_0x3E9_1001x) + k,1,strdup(nm),0 });
			snprintf(nm, sizeof(nm), "array_0x2BDE[%d].dword_0x3E6_2BE4_12228.str_611.array_0x403_1027x.SpellIndex[%d]", i, k);
			tbl.push_back({ S611BASE(i,array_0x403_1027x) + k,1,strdup(nm),0 });
			snprintf(nm, sizeof(nm), "array_0x2BDE[%d].dword_0x3E6_2BE4_12228.str_611.array_0x41D_1053z.SpellIndex[%d]", i, k);
			tbl.push_back({ S611BASE(i,SpellLevels_0x41D_1053z) + k,1,strdup(nm),0 });
			snprintf(nm, sizeof(nm), "array_0x2BDE[%d].dword_0x3E6_2BE4_12228.str_611.array_0x437_1079x.SpellIndex[%d]", i, k);
			tbl.push_back({ S611BASE(i,array_0x437_1079x) + k,1,strdup(nm),0 });
		}
		S611SC(SpellIndexLeft_0x451_1105, 2); S611SC(SpellIndexRight_0x453_1107, 2);
		S611SC(SubSpellIndexLeft_1109, 1);    S611SC(SubSpellIndexRight_1110, 1);
		S611SC(byte_0x457_1111, 1); S611SC(spellIndex_0x458_1112, 1);
		S611SC(subSpellIndex_0x459_1113, 1); S611SC(byte_0x45A_1114, 1); S611SC(byte_0x45B_1115, 1);
#undef S611SC
		S164SC(str_611_byte_0x45C_1116, 1); S164SC(str_611_byte_0x45D_1117, 1);
		S164SC(str_611_byte_0x45E_1118, 1); S164SC(str_611_byte_0x45E_1119, 1);
#undef S164SC

		BDESC(byte_0x846_2BDE, 1); BDESC(byte_0x847_2BDE, 1);
		BDESC(word_0x848_2BDE, 2); BDESC(word_0x84A_2BDE, 2);
#undef BDESC
	}

	// ── playerInputs_0x6E3E[8] ──────────────────────────────────────────────
	for (int i = 0; i < 8; i++) {
		char nm[128];
#define PISC(f,sz) do { snprintf(nm,sizeof(nm),"playerInputs_0x6E3E[%d]." #f,i); tbl.push_back({PIBASE(i,f),sz,strdup(nm),0}); } while(0)
		PISC(PlayerAction_byte0, 1); PISC(str_0x6E3E_byte1, 1); PISC(str_0x6E3E_byte2, 1);
		PISC(roll, 1); PISC(pitch, 1); PISC(entityIndex_0x6E3E_byte5, 1);
		PISC(nextEntity_0x6E3E_word6, 2); PISC(entityIndex2_0x6E3E_word8, 2);
#undef PISC
	}

	// ── struct_0x6E8E[1000] ─────────────────────────────────────────────────
	for (int i = 0; i < 1000; i++) {
		char nm[128];
#define ESC(f,sz) do { snprintf(nm,sizeof(nm),"struct_0x6E8E[%d]." #f,i); tbl.push_back({ENTBASE(i,f),sz,strdup(nm),0}); } while(0)
		ESC(next_0, 4); ESC(dword_0x4, 4); ESC(dword_0x8, 4);
		ESC(struct_byte_0xc_12_15, 4); ESC(dword_0x10_16, 4);
		ESC(word_0x14_20, 2); ESC(word_0x16_22, 2); ESC(word_0x18_24_next_entity, 2); ESC(word_0x1A_26, 2);
		ESC(word_0x1C_28, 2); ESC(word_0x1E_30, 2); ESC(word_0x20_32, 2); ESC(word_0x22_34, 2);
		ESC(word_0x24_36, 2); ESC(word_0x26_38, 2); ESC(word_0x28_40, 2); ESC(word_0x2A_42, 2);
		ESC(word_0x2C_44, 2); ESC(word_0x2E_46, 2); ESC(word_0x30_48, 2); ESC(word_0x32_50, 2);
		ESC(word_0x34_52, 2); ESC(word_0x36_54, 2);
		ESC(byte_0x38_56, 1); ESC(byte_0x39_57, 1); ESC(byte_0x3A_58, 1); ESC(byte_0x3B_59, 1);
		ESC(byte_0x3C_60, 1); ESC(byte_0x3D_61, 1); ESC(byte_0x3E_62, 1); ESC(type_0x3F_63, 1);
		ESC(subtype_0x40_64, 1); ESC(byte_0x41_65, 1); ESC(byte_0x42_66, 1); ESC(byte_0x43_67, 1);
		ESC(byte_0x44_68, 1); ESC(byte_0x45_69, 1); ESC(byte_0x46_70, 1); ESC(byte_0x47_71_xx, 1);
		ESC(byte_0x48_72, 1); ESC(byte_0x49_73, 1); ESC(word_0x4A_74, 2);
		snprintf(nm, sizeof(nm), "struct_0x6E8E[%d].array_0x4C_76.x", i); tbl.push_back({ ENTBASE(i,array_0x4C_76) + 0,2,strdup(nm),0 });
		snprintf(nm, sizeof(nm), "struct_0x6E8E[%d].array_0x4C_76.y", i); tbl.push_back({ ENTBASE(i,array_0x4C_76) + 2,2,strdup(nm),0 });
		snprintf(nm, sizeof(nm), "struct_0x6E8E[%d].array_0x4C_76.z", i); tbl.push_back({ ENTBASE(i,array_0x4C_76) + 4,2,strdup(nm),0 });
		snprintf(nm, sizeof(nm), "struct_0x6E8E[%d].array_0x52_82.yaw", i);   tbl.push_back({ ENTBASE(i,array_0x52_82) + 0,2,strdup(nm),0 });
		snprintf(nm, sizeof(nm), "struct_0x6E8E[%d].array_0x52_82.pitch", i); tbl.push_back({ ENTBASE(i,array_0x52_82) + 2,2,strdup(nm),0 });
		snprintf(nm, sizeof(nm), "struct_0x6E8E[%d].array_0x52_82.roll", i);  tbl.push_back({ ENTBASE(i,array_0x52_82) + 4,2,strdup(nm),0 });
		snprintf(nm, sizeof(nm), "struct_0x6E8E[%d].array_0x52_82.fov", i);   tbl.push_back({ ENTBASE(i,array_0x52_82) + 6,2,strdup(nm),0 });
		ESC(word_0x5A_90, 2); ESC(byte_0x5C_92, 1); ESC(byte_0x5D_93, 1);
		snprintf(nm, sizeof(nm), "struct_0x6E8E[%d].str_0x5E_94.dword_0x5E_94", i);  tbl.push_back({ ENTBASE(i,str_0x5E_94) + offsetof(type_str_0x5E_94,dword_0x5E_94),4,strdup(nm),0 });
		snprintf(nm, sizeof(nm), "struct_0x6E8E[%d].str_0x5E_94.word_0x62_98", i);   tbl.push_back({ ENTBASE(i,str_0x5E_94) + offsetof(type_str_0x5E_94,word_0x62_98),2,strdup(nm),0 });
		snprintf(nm, sizeof(nm), "struct_0x6E8E[%d].str_0x5E_94.dword_0x64_100", i); tbl.push_back({ ENTBASE(i,str_0x5E_94) + offsetof(type_str_0x5E_94,dword_0x64_100),4,strdup(nm),0 });
		snprintf(nm, sizeof(nm), "struct_0x6E8E[%d].str_0x5E_94.word_0x68_104", i);  tbl.push_back({ ENTBASE(i,str_0x5E_94) + offsetof(type_str_0x5E_94,word_0x68_104),2,strdup(nm),0 });
		snprintf(nm, sizeof(nm), "struct_0x6E8E[%d].str_0x5E_94.dword_0x70_112", i); tbl.push_back({ ENTBASE(i,str_0x5E_94) + offsetof(type_str_0x5E_94,dword_0x70_112),4,strdup(nm),0 });
		snprintf(nm, sizeof(nm), "struct_0x6E8E[%d].str_0x5E_94.word_0x74_116", i);  tbl.push_back({ ENTBASE(i,str_0x5E_94) + offsetof(type_str_0x5E_94,word_0x74_116),2,strdup(nm),0 });
		snprintf(nm, sizeof(nm), "struct_0x6E8E[%d].str_0x5E_94.word_0x76_118", i);  tbl.push_back({ ENTBASE(i,str_0x5E_94) + offsetof(type_str_0x5E_94,word_0x76_118),2,strdup(nm),0 });
		snprintf(nm, sizeof(nm), "struct_0x6E8E[%d].str_0x5E_94.word_0x78_120", i);  tbl.push_back({ ENTBASE(i,str_0x5E_94) + offsetof(type_str_0x5E_94,word_0x78_120),2,strdup(nm),0 });
		snprintf(nm, sizeof(nm), "struct_0x6E8E[%d].str_0x5E_94.word_0x7A_122", i);  tbl.push_back({ ENTBASE(i,str_0x5E_94) + offsetof(type_str_0x5E_94,word_0x7A_122),2,strdup(nm),0 });
		snprintf(nm, sizeof(nm), "struct_0x6E8E[%d].str_0x5E_94.word_0x7C_124", i);  tbl.push_back({ ENTBASE(i,str_0x5E_94) + offsetof(type_str_0x5E_94,word_0x7C_124),2,strdup(nm),0 });
		snprintf(nm, sizeof(nm), "struct_0x6E8E[%d].str_0x5E_94.word_0x80_128", i);  tbl.push_back({ ENTBASE(i,str_0x5E_94) + offsetof(type_str_0x5E_94,word_0x80_128),2,strdup(nm),0 });
		ESC(word_0x82_130, 2); ESC(word_0x84_132, 2); ESC(word_0x86_134, 2);
		ESC(dword_0x88_136, 4); ESC(dword_0x8C_140, 4); ESC(dword_0x90_144, 4);
		ESC(playerEntityIndex_0x94_148, 2); ESC(word_0x96_150, 2); ESC(word_0x98_152, 2);
		snprintf(nm, sizeof(nm), "struct_0x6E8E[%d].axis_0x9A_154x.x", i); tbl.push_back({ ENTBASE(i,axis_0x9A_154x) + 0,2,strdup(nm),0 });
		snprintf(nm, sizeof(nm), "struct_0x6E8E[%d].axis_0x9A_154x.y", i); tbl.push_back({ ENTBASE(i,axis_0x9A_154x) + 2,2,strdup(nm),0 });
		snprintf(nm, sizeof(nm), "struct_0x6E8E[%d].axis_0x9A_154x.z", i); tbl.push_back({ ENTBASE(i,axis_0x9A_154x) + 4,2,strdup(nm),0 });
		ESC(dword_0xA0_160x, 4); ESC(dword_0xA4_164x, 4);
#undef ESC
	}

	// ── str_2FECE ───────────────────────────────────────────────────────────
#define LSC(f,sz) tbl.push_back({LEVBASE(f),sz,"str_2FECE." #f,0})
	LSC(word_2FECE, 2); LSC(levelID_2FED0, 2); LSC(byte_0x2FED2, 1); LSC(byte_0x2FED3, 1);
	tbl.push_back({ LEVBASE(MapType),1,"str_2FECE.MapType",0 });
	LSC(word_0x2FED5, 2); LSC(word_0x2FED7, 2);
	for (int k = 0; k < 8; k++) {
		char nm[64]; snprintf(nm, sizeof(nm), "str_2FECE.array_0x2FED9[%d]", k);
		tbl.push_back({ LEVBASE(array_0x2FED9) + k,1,strdup(nm),0 });
	}
	LSC(word_0x2FEE5, 2); LSC(word_0x2FEE9, 2); LSC(word_0x2FEED, 2); LSC(word_0x2FEF1, 2);
	LSC(word_0x2FEF5, 4); LSC(word_0x2FEF9, 2); LSC(word_0x2FEFD, 2); LSC(word_0x2FF01, 2);
	LSC(word_0x2FF05, 2); LSC(word_0x2FF09, 2); LSC(word_0x2FF0D, 2); LSC(word_0x2FF11, 2);
#undef LSC

	for (int k = 0; k < 1200; k++) {
		char nm[128];
#define XSC(f,sz) do { snprintf(nm,sizeof(nm),"str_2FECE.array_0x30311[%d]." #f,k); tbl.push_back({ENT2BASE(k,f),sz,strdup(nm),0}); } while(0)
		XSC(type_0x30311, 2); XSC(subtype_0x30311, 2);
		snprintf(nm, sizeof(nm), "str_2FECE.array_0x30311[%d].axis2d_4.x", k); tbl.push_back({ ENT2BASE(k,axis2d_4) + 0,2,strdup(nm),0 });
		snprintf(nm, sizeof(nm), "str_2FECE.array_0x30311[%d].axis2d_4.y", k); tbl.push_back({ ENT2BASE(k,axis2d_4) + 2,2,strdup(nm),0 });
		XSC(DisId, 2); XSC(word_10, 2); XSC(stageTag_12, 2); XSC(par1_14, 2); XSC(par2_16, 2); XSC(par3_18, 2);
#undef XSC
	}

	tbl.push_back({ LEVBASE(next_0x360D1),1,"str_2FECE.next_0x360D1",0 });

	for (int k = 0; k < 8; k++) {
		char nm[128];
#define WSC(f,sz) do { snprintf(nm,sizeof(nm),"str_2FECE.WizardMapSettings_0x360D2[%d]." #f,k); tbl.push_back({WIZBASE(k,f),sz,strdup(nm),0}); } while(0)
		WSC(Aggression_0x360D5, 2); WSC(Reflexes_0x360D9, 2); WSC(Perception_0x360DD, 2); WSC(Life_0x3612F, 2);
		for (int s = 0; s < 26; s++) {
			snprintf(nm, sizeof(nm), "str_2FECE.WizardMapSettings_0x360D2[%d].StartingSpells_0x360E1x[%d]", k, s);
			tbl.push_back({ WIZBASE(k,StartingSpells_0x360E1x) + s,1,strdup(nm),0 });
			snprintf(nm, sizeof(nm), "str_2FECE.WizardMapSettings_0x360D2[%d].byte_0x360FBx[%d]", k, s);
			tbl.push_back({ WIZBASE(k,byte_0x360FBx) + s,1,strdup(nm),0 });
			snprintf(nm, sizeof(nm), "str_2FECE.WizardMapSettings_0x360D2[%d].BlockedSpells_0x36115x[%d]", k, s);
			tbl.push_back({ WIZBASE(k,BlockedSpells_0x36115x) + s,1,strdup(nm),0 });
		}
#undef WSC
	}

	for (int k = 0; k < 8; k++) {
		char nm[128];
		snprintf(nm, sizeof(nm), "str_2FECE.str_0x36442[%d].index_0", k);   tbl.push_back({ STABASE(k,index_0),1,strdup(nm),0 });
		snprintf(nm, sizeof(nm), "str_2FECE.str_0x36442[%d].stage_1", k);   tbl.push_back({ STABASE(k,stage_1),2,strdup(nm),0 });
		snprintf(nm, sizeof(nm), "str_2FECE.str_0x36442[%d]._axis_2d.x", k); tbl.push_back({ STABASE(k,_axis_2d) + 0,2,strdup(nm),0 });
		snprintf(nm, sizeof(nm), "str_2FECE.str_0x36442[%d]._axis_2d.y", k); tbl.push_back({ STABASE(k,_axis_2d) + 2,2,strdup(nm),0 });
	}

	for (int k = 0; k < 11; k++) {
		char nm[128];
		snprintf(nm, sizeof(nm), "str_2FECE.array_0x3647A[%d].index_0x3647A_0", k);  tbl.push_back({ SVBASE(k,index_0x3647A_0),1,strdup(nm),0 });
		snprintf(nm, sizeof(nm), "str_2FECE.array_0x3647A[%d].stage_0x3647A_1", k);  tbl.push_back({ SVBASE(k,stage_0x3647A_1),1,strdup(nm),0 });
		snprintf(nm, sizeof(nm), "str_2FECE.array_0x3647A[%d].str_0x3647A_2.word", k); tbl.push_back({ SVBASE(k,str_0x3647A_2),2,strdup(nm),0 });
		snprintf(nm, sizeof(nm), "str_2FECE.array_0x3647A[%d].str_0x3647C_4.dword", k); tbl.push_back({ SVBASE(k,str_0x3647C_4),4,strdup(nm),0 });
	}

	// ── str_0x364D2 ─────────────────────────────────────────────────────────
	tbl.push_back({ BASE(str_0x364D2) + offsetof(type_str_0x364D2,dword_0x364D2),4,"str_0x364D2.dword_0x364D2",0 });
	for (int i = 0; i < 26; i++) {
		char nm[64]; snprintf(nm, sizeof(nm), "str_0x364D2.dword_0x364D6[%d]", i);
		tbl.push_back({ BASE(str_0x364D2) + offsetof(type_str_0x364D2,dword_0x364D6) + i * 4,4,strdup(nm),0 });
	}

	tbl.push_back({ BASE(word_0x3653E),2,"word_0x3653E",0 });
	tbl.push_back({ BASE(word_0x36540),2,"word_0x36540",0 });
	tbl.push_back({ BASE(word_0x36542),2,"word_0x36542",0 });
	tbl.push_back({ BASE(word_0x36544),2,"word_0x36544",0 });
	tbl.push_back({ BASE(word_0x36546),2,"word_0x36546",0 });
	tbl.push_back({ BASE(word_0x36548),2,"word_0x36548",0 });
	tbl.push_back({ BASE(word_0x3654A),2,"word_0x3654A",0 });

	// ── struct_0x3654C[8] ────────────────────────────────────────────────────
	for (int i = 0; i < 8; i++) {
		char nm[128];
		snprintf(nm, sizeof(nm), "struct_0x3654C[%d].str_3654C_byte0", i); tbl.push_back({ SCBASE(i,str_3654C_byte0),1,strdup(nm),0 });
		snprintf(nm, sizeof(nm), "struct_0x3654C[%d].str_3654D_byte1", i); tbl.push_back({ SCBASE(i,str_3654D_byte1),1,strdup(nm),0 });
		snprintf(nm, sizeof(nm), "struct_0x3654C[%d].str_3654E_axis.x", i); tbl.push_back({ SCBASE(i,str_3654E_axis) + 0,2,strdup(nm),0 });
		snprintf(nm, sizeof(nm), "struct_0x3654C[%d].str_3654E_axis.y", i); tbl.push_back({ SCBASE(i,str_3654E_axis) + 2,2,strdup(nm),0 });
		snprintf(nm, sizeof(nm), "struct_0x3654C[%d].str_36552_un.dword", i); tbl.push_back({ SCBASE(i,str_36552_un),4,strdup(nm),0 });
	}

	// ── struct_0x3659C[8] ────────────────────────────────────────────────────
	for (int i = 0; i < 8; i++) {
		char nm[128];
		snprintf(nm, sizeof(nm), "struct_0x3659C[%d].substr_3659C.IsLevelEnd_0", i);    tbl.push_back({ S59BASE(i,IsLevelEnd_0),1,strdup(nm),0 });
		snprintf(nm, sizeof(nm), "struct_0x3659C[%d].substr_3659C.ObjectiveText_1", i); tbl.push_back({ S59BASE(i,ObjectiveText_1),1,strdup(nm),0 });
		snprintf(nm, sizeof(nm), "struct_0x3659C[%d].substr_3659C.ObjectiveDone_2", i); tbl.push_back({ S59BASE(i,ObjectiveDone_2),1,strdup(nm),0 });
		for (int k = 0; k < 8; k++) {
			snprintf(nm, sizeof(nm), "struct_0x3659C[%d].substr_3659C.stage_0x3659F[%d]", i, k);
			tbl.push_back({ S59BASE(i,stage_0x3659F) + k,1,strdup(nm),0 });
		}
	}

	// ── array_0x365F4[11] ────────────────────────────────────────────────────
	for (int i = 0; i < 11; i++) {
		char nm[128];
		snprintf(nm, sizeof(nm), "array_0x365F4[%d].str_0x3647A_byte_0", i); tbl.push_back({ SHBASE(i,str_0x3647A_byte_0),1,strdup(nm),0 });
		snprintf(nm, sizeof(nm), "array_0x365F4[%d].str_0x3647A_byte_1", i); tbl.push_back({ SHBASE(i,str_0x3647A_byte_1),1,strdup(nm),0 });
		snprintf(nm, sizeof(nm), "array_0x365F4[%d].str_0x3647A_2.word", i); tbl.push_back({ SHBASE(i,str_0x3647A_2),2,strdup(nm),0 });
		snprintf(nm, sizeof(nm), "array_0x365F4[%d].str_0x3647C_4.axis.word", i); tbl.push_back({ SHBASE(i,str_0x3647C_4),2,strdup(nm),0 });
	}

	// ── str_0x3664C[50] ──────────────────────────────────────────────────────
	for (int i = 0; i < 50; i++) {
		char nm[128];
#define S3SC(f,sz) do { snprintf(nm,sizeof(nm),"str_0x3664C[%d]." #f,i); tbl.push_back({S3664BASE(i,f),sz,strdup(nm),0}); } while(0)
		S3SC(byte_0, 1); S3SC(byte_1, 1); S3SC(byte_2, 1); S3SC(byte_3, 1);
		snprintf(nm, sizeof(nm), "str_0x3664C[%d].axis3d_4.x", i); tbl.push_back({ S3664BASE(i,axis3d_4) + 0,2,strdup(nm),0 });
		snprintf(nm, sizeof(nm), "str_0x3664C[%d].axis3d_4.y", i); tbl.push_back({ S3664BASE(i,axis3d_4) + 2,2,strdup(nm),0 });
		snprintf(nm, sizeof(nm), "str_0x3664C[%d].axis3d_4.z", i); tbl.push_back({ S3664BASE(i,axis3d_4) + 4,2,strdup(nm),0 });
		S3SC(dword_A, 4);
		for (int k = 0; k < 25; k++) {
			snprintf(nm, sizeof(nm), "str_0x3664C[%d].array_E[%d]", i, k);
			tbl.push_back({ S3664BASE(i,array_E) + k,1,strdup(nm),0 });
		}
#undef S3SC
	}

	// ── Tail ─────────────────────────────────────────────────────────────────
	tbl.push_back({ BASE(byte_0x36DEA_fly_asistant),1,"byte_0x36DEA_fly_asistant",0 });
	tbl.push_back({ BASE(byte_0x36DEB_xx),1,"byte_0x36DEB_xx",0 });
	tbl.push_back({ BASE(word_0x36DEC_mousex),2,"word_0x36DEC_mousex",0 });
	tbl.push_back({ BASE(word_0x36DEE_mousey),2,"word_0x36DEE_mousey",0 });
	tbl.push_back({ BASE(word_0x36DF0_mousexx),2,"word_0x36DF0_mousexx",0 });
	tbl.push_back({ BASE(dword_0x36DF2),4,"dword_0x36DF2",0 });
	tbl.push_back({ BASE(dword_0x36DF6),4,"dword_0x36DF6",0 });
	tbl.push_back({ BASE(word_0x36DFA),2,"word_0x36DFA",0 });
	tbl.push_back({ BASE(word_0x36DFC),2,"word_0x36DFC",0 });
	tbl.push_back({ BASE(word_0x36DFE),2,"word_0x36DFE",0 });
	tbl.push_back({ BASE(byte_0x36E00),1,"byte_0x36E00",0 });
	tbl.push_back({ BASE(byte_0x36E01),1,"byte_0x36E01",0 });
	tbl.push_back({ BASE(byte_0x36E02),1,"byte_0x36E02",0 });
	tbl.push_back({ BASE(byte_0x36E03),1,"byte_0x36E03",0 });
	tbl.push_back({ BASE(byte_counter_current_objective_box_0x36E04),1,"byte_counter_current_objective_box_0x36E04",0 });
	for (int i = 0; i < 6; i++) {
		char nm[64]; snprintf(nm, sizeof(nm), "stub3k[%d]", i);
		tbl.push_back({ BASE(stub3k) + i,1,strdup(nm),0 });
	}
	tbl.push_back({ BASE(byte_0x36E0B),1,"byte_0x36E0B",0 });
	for (int i = 0; i < 11; i++) {
		char nm[64]; snprintf(nm, sizeof(nm), "stubend[%d]", i);
		tbl.push_back({ BASE(stubend) + i,1,strdup(nm),0 });
	}

#undef BASE
#undef BDEBASE
#undef S164BASE
#undef S611BASE
#undef ENTBASE
#undef LEVBASE
#undef ENT2BASE
#undef WIZBASE
#undef STABASE
#undef SVBASE
#undef SCBASE
#undef S59BASE
#undef SHBASE
#undef S3664BASE
#undef PIBASE

	return tbl;
}


static std::string compare_shadow_D41A0(size_t byteIndex)
{
	const auto& tbl = field_table();

	// Best-match: find the entry whose range [off, off+size) contains byteIndex.
	// For variable-length array entries (elem>0) size holds the element size,
	// and the entry covers exactly that one element – each element was inserted
	// individually so the simple range check always works correctly.
	for (const auto& f : tbl) {
		size_t entry_size = (f.elem > 0) ? f.elem : f.size;
		if (byteIndex >= f.off && byteIndex < f.off + entry_size) {
			if (f.elem > 0) {
				// name contains %zu placeholder for the index
				size_t idx = (byteIndex - f.off) / f.elem;
				char buf[256];
				snprintf(buf, sizeof(buf), f.name, idx);
				return buf;
			}
			return f.name;
		}
	}

	// Fallback: unknown offset
	char buf[64];
	snprintf(buf, sizeof(buf), "<unknown offset 0x%zx>", byteIndex);
	return buf;
}



uint8_t* off_D41A8_sky;//graphics buffer// = (uint8_t*)&x_BYTE_14B4E0; // weak

bitmap_pos_struct_t* xy_DWORD_17DED4_spritestr;
bitmap_pos_struct_t* xy_DWORD_17DEC0_spritestr;
bitmap_pos_struct_t* xy_DWORD_17DEC8_spritestr;

bitmap_pos_struct_t* x_DWORD_D4188t_spritestr;

bitmap_pos_struct_t* xy_DWORD_17DEC0_spritestr_orig;

doublebyte doublebyte_conv(uint16_t a2) {
	doublebyte result;
	result.byte1 = a2 & 0xff;
	result.byte2 = (a2 & 0xff00) >> 8;
	return result;
};

uint8_t* pre_pdwScreenBuffer_351628;

void allert_error() {
	int a = 10;
	int b = 0;
	int c = a / b;//this is generate error
}

void Exit_thread()
{
	thread_exit_exception e;
#ifndef __ANDROID__
	throw e;
#endif
}

void End_thread(int backCode)
{
	if (unitTests)
	{
		*endTestsCode = backCode;
		Exit_thread();
	}
	else
		if(backCode == -1)
			allert_error();
		exit(backCode);
}

void support_begin() {
	readbuffer = (uint8_t*)malloc(1000000);//fix it max 64000
	printbuffer = (char*)malloc(printBufferSize);
	//printbuffer[0] = '\0';
	printbuffer2 = (char*)malloc(printBufferSize);

	//pre_pdwScreenBuffer_351628 = (uint8_t*)malloc(2228224);// 640x480
	//pdwScreenBuffer_351628 = &pre_pdwScreenBuffer_351628[1114112];// 640x480

	pre_pdwScreenBuffer_351628 = (uint8_t*)malloc((GAME_RES_MAX_WIDTH * GAME_RES_MAX_HEIGHT) * 3); // Allow x 3 padding for sprite rendering
	pdwScreenBuffer_351628 = &pre_pdwScreenBuffer_351628[(GAME_RES_MAX_WIDTH * GAME_RES_MAX_HEIGHT)];

	//x_DWORD_E9C38_smalltit= (uint8_t*)malloc(64000);
	//x_D41A0_BYTEARRAY_4_0xDE_heapbuffer= (uint8_t*)malloc(64000);

	/*for (int i = 0;i < 0x1c+0x60;i++)
		off_D918C[i] = new uint32_t;*/
		//2aa18c
		//0 2bc394
		//1
		//2

		/*xx dword_E9C30[0] = new uint8_t[4096];
		for (int i = 0;i <4096;i++)
			dword_E9C30[0][0] = 0;
		dword_E9C30[2] = new uint8_t[4096];
		dword_E9C30[4] = new uint8_t[4096];*/
		//x_D41A0_BYTEARRAY_4_struct.player_name_57 =new char[256];
		//x_D41A0_BYTEARRAY_4_struct.savestring_89 = new char[256];

	x_BYTE_14B4E0_second_heightmap = new uint8_t[65536];
	off_D41A8_sky = new uint8_t[1024 * 1024];
	memcpy(off_D41A8_sky, &x_BYTE_14B4E0_second_heightmap, 4);

	xy_DWORD_17DED4_spritestr = new bitmap_pos_struct_t[1000];
	xy_DWORD_17DEC0_spritestr_orig = new bitmap_pos_struct_t[1000];
	xy_DWORD_17DEC0_spritestr = xy_DWORD_17DEC0_spritestr_orig;
	xy_DWORD_17DEC8_spritestr = new bitmap_pos_struct_t[1000];

	x_DWORD_D4188t_spritestr = new bitmap_pos_struct_t[1000];
	//x_D41A0_BYTEARRAY_4_struct.player_name_57 = 0;

	//printbuffer2[0] = '\0';
}
void support_end() {
	if (readbuffer)free(readbuffer);
	if (printbuffer)free(printbuffer);//char* buffer; // [esp+0h] [ebp-2h]
	if (printbuffer2)free(printbuffer2);//char v11; // [esp+40h] [ebp+3Eh]
	if (pre_pdwScreenBuffer_351628)free(pre_pdwScreenBuffer_351628);
	//free(x_DWORD_E9C38_smalltit);
	/*for (int i = 0;i < 0x1c;i++)
		free(off_D918C[i]);*/
		//free(x_D41A0_BYTEARRAY_4_0xDE_heapbuffer);
		/*xx free(dword_E9C30[0]);
		free(dword_E9C30[2]);
		free(dword_E9C30[4]);*/
		//free(x_D41A0_BYTEARRAY_4_struct.player_name_57);
		//if(x_D41A0_BYTEARRAY_4_struct.savestring_89)delete(x_D41A0_BYTEARRAY_4_struct.savestring_89);

	if (x_BYTE_14B4E0_second_heightmap) delete[](x_BYTE_14B4E0_second_heightmap);
	if (off_D41A8_sky) delete[](off_D41A8_sky);

	if (xy_DWORD_17DED4_spritestr) delete[](xy_DWORD_17DED4_spritestr);
	if (xy_DWORD_17DEC0_spritestr_orig) delete[](xy_DWORD_17DEC0_spritestr_orig);//fixed
	if (xy_DWORD_17DEC8_spritestr) delete[](xy_DWORD_17DEC8_spritestr);

	if (x_DWORD_D4188t_spritestr) delete[](x_DWORD_D4188t_spritestr);
}

void loadfromsnapshot(const char* filename, uint8_t* adress, uint32_t adressdos, uint32_t size) {
	char findnamec[500];
	FILE* fptestepc;
	sprintf(findnamec, "../remc2/memimages/engine-memory-%s", filename);
	fptestepc = fopen(findnamec, "rb");
	fseek(fptestepc, adressdos, SEEK_SET);
	fread(adress, size, 1, fptestepc);
	fclose(fptestepc);
};

void loadfromsnapshot2(const char* filename, uint8_t* adress, uint32_t adressdos, uint32_t size) {
	char findnamec[500];
	FILE* fptestepc;
	uint32_t subadress;
	sprintf(findnamec, "../remc2/memimages/engine-memory-%s", filename);
	fptestepc = fopen(findnamec, "rb");
	fseek(fptestepc, adressdos, SEEK_SET);
	fread(&subadress, 4, 1, fptestepc);
	fseek(fptestepc, subadress, SEEK_SET);
	fread(adress, size, 1, fptestepc);

	fclose(fptestepc);
};

uint32_t compare_with_snapshot(const char* filename, uint8_t* adress, uint32_t adressdos, uint32_t size, uint8_t* origbyte, uint8_t* copybyte) {
	char findnamec[500];
	uint8_t* buffer = (uint8_t*)malloc(size);
	FILE* fptestepc;
	sprintf(findnamec, "c:/prenos/remc2/remc2/memimages/engine-memory-%s", filename);
	fptestepc = fopen(findnamec, "rb");
	if (fptestepc == NULL)
	{
		mydelay(100);
		fptestepc = fopen(findnamec, "rb");
	}
	fseek(fptestepc, adressdos, SEEK_SET);

	fread(buffer, size, 1, fptestepc);
	uint32_t i;
	for (i = 0; i < size; i++)
	{
		if (buffer[i] != adress[i])
		{
			*origbyte = buffer[i];
			*copybyte = adress[i];
			break;
		}
	}

	free(buffer);
	fclose(fptestepc);
	return(i);
};
int test_E7EE0_id_pointer(uint32_t adress) {
	if ((adress >= 0x28) && (adress < 0x29))return 1;
	return 0;
}

int test_D41A0_4_id_pointer(uint32_t adress) {
	if ((adress >= 0xe2) && (adress < 0xe3))return 1;
	if ((adress >= 0x954) && (adress < 0x95a))return 2;
	return 0;
}
int test_EA3E4_id_pointer(uint32_t adress) {
	if ((adress >= 0x0) && (adress < 0x1))return 1;
	if ((adress >= 0xa0) && (adress < 0xa1))return 1;
	if ((adress >= 0xa4) && (adress < 0xa5))return 1;
	return 0;
}

int test_0x6E8E_id_pointer(uint32_t adress) {
	if ((adress >= 0x0) && (adress < 0x1))return 1;
	if ((adress >= 0xa0) && (adress < 0xa1))return 1;
	if ((adress >= 0xa4) && (adress < 0xa5))return 1;
	return 0;
}
int test_D41A0_id_pointer(uint32_t adress) {
	if ((adress >= 0x2bfa) && (adress < 0x2bfa + 49))return 2;//text
	if ((adress >= 0x2f79) && (adress < 0x2f79 + 1))return 2;//text
	if ((adress >= 0x2fbd) && (adress < 0x2fbd + 1))return 2;//handle click button

	if ((adress >= 0x2fc4) && (adress < 0x2fc5))return 2;//event

	if ((adress >= 0x2fd8) && (adress < 0x2fdc))return 2; // mouse position: position_backup_20 in dword_0x3E6_2BE4_12228 in array_0x2BDE
	// if ((adress == 0x36e04))return 2;                     // objective box counter

	if ((adress >= 0x314d) && (adress < 0x3151))return 2;//clock - 4 bytes
	if ((adress >= 0x3999) && (adress < 0x399d))return 2;//clock2 - 4 bytes
	if ((adress >= 0x41e5) && (adress < 0x41e9))return 2;//clock3 - 4 bytes
	if ((adress >= 0x4a31) && (adress < 0x4a35))return 2;//clock4 - 4 bytes
	if ((adress >= 0x527d) && (adress < 0x5281))return 2;//clock5 - 4 bytes
	if ((adress >= 0x5ac9) && (adress < 0x5acd))return 2;//clock6 - 4 bytes
	if ((adress >= 0x6315) && (adress < 0x6319))return 2;//clock7 - 4 bytes
	if ((adress >= 0x6b61) && (adress < 0x6b65))return 2;//clock8 - 4 bytes

	if ((adress >= 0x235) && (adress < 0x236))return 2;//music

	if ((adress >= 0x246) && (adress < 0x2186))return 1;

	if ((adress >= 0x36552) && (adress < 0x36553))return 1;
	if ((adress >= 0x3655c) && (adress < 0x3655d))return 1;
	if ((adress >= 0x3655f) && (adress < 0x36560))return 1;
	if ((adress >= 0x36566) && (adress < 0x36567))return 1;
	if ((adress >= 0x36570) && (adress < 0x36571))return 1;
	if ((adress >= 0x36608) && (adress < 0x36609))return 1;
	//if ((adress >= 0x36625) && (adress < 0x36626))return 1;
	if ((adress >= 0x36628) && (adress < 0x36630))return 1;

	/*if ((adress >= 0x36b36) && (adress < 0x36b37))return 1;
	if ((adress >= 0x36b5d) && (adress < 0x36b5e))return 1;
	if ((adress >= 0x36b84) && (adress < 0x36b85))return 1;
	if ((adress >= 0x36bab) && (adress < 0x36bac))return 1;
	if ((adress >= 0x36bd2) && (adress < 0x36bd3))return 1;
	*/
	for (int j = 1; j < 50; j++)
	{
		if ((adress >= 0x3664C + 0xa + 39 * j) && (adress < 0x3664C + 0xa + 1 + 39 * j))return 1;
	}

	/*if ((adress >= 0x36656) && (adress < 0x36657))return 1;
	if ((adress >= 0x3667d) && (adress < 0x3667e))return 1;
	if ((adress >= 0x366a4) && (adress < 0x366a5))return 1;
	if ((adress >= 0x366cb) && (adress < 0x366cc))return 1;
	if ((adress >= 0x366f2) && (adress < 0x366f3))return 1;
	if ((adress >= 0x36719) && (adress < 0x3671a))return 1;
	if ((adress >= 0x36740) && (adress < 0x36741))return 1;
	if ((adress >= 0x36767) && (adress < 0x36768))return 1;
	if ((adress >= 0x3678e) && (adress < 0x3678f))return 1;*/
	if ((adress >= 0x36620) && (adress < 0x36621))return 1;
	for (uint32_t i = 0; i < 32; i++) {
		if ((adress >= 0x36656 + i * 39) && (adress < 0x36657 + i * 39))return 1;
	}
	/*if ((adress >= 0x6f32) && (adress < 0x6f37))return 1;
	if ((adress >= 0x6fd6) && (adress < 0x6fdb))return 1;
	if ((adress >= 0x707e) && (adress < 0x707f))return 1;
	if ((adress >= 0x7082) && (adress < 0x7083))return 1;
	if ((adress >= 0x7126) && (adress < 0x712b))return 1;
	if ((adress >= 0x71ce) && (adress < 0x71cf))return 1;
	if ((adress >= 0x71d2) && (adress < 0x71d3))return 1;
	if ((adress >= 0x7276) && (adress < 0x7277))return 1;
	if ((adress >= 0x727a) && (adress < 0x727b))return 1;
	if ((adress >= 0x731e) && (adress < 0x731f))return 1;
	if ((adress >= 0x7322) && (adress < 0x7323))return 1;
	if ((adress >= 0x73c6) && (adress < 0x73c7))return 1;
	if ((adress >= 0x73ca) && (adress < 0x73cb))return 1;
	if ((adress >= 0x746e) && (adress < 0x746f))return 1;
	if ((adress >= 0x7472) && (adress < 0x7473))return 1;
	if ((adress >= 0x7516) && (adress < 0x7517))return 1;
	if ((adress >= 0x751a) && (adress < 0x751b))return 1;
	if ((adress >= 0x75be) && (adress < 0x75bf))return 1;
	if ((adress >= 0x75c2) && (adress < 0x75c3))return 1;
	if ((adress >= 0x7666) && (adress < 0x7667))return 1;
	if ((adress >= 0x766a) && (adress < 0x766b))return 1;
	if ((adress >= 0x770e) && (adress < 0x770f))return 1;
	if ((adress >= 0x7712) && (adress < 0x7713))return 1;
	if ((adress >= 0x77b6) && (adress < 0x77b7))return 1;
	if ((adress >= 0x77ba) && (adress < 0x77bb))return 1;
	if ((adress >= 0x785e) && (adress < 0x7863))return 1;
	if ((adress >= 0x7906) && (adress < 0x790b))return 1;
	if ((adress >= 0x79ae) && (adress < 0x79b3))return 1;
	if ((adress >= 0x7a56) && (adress < 0x7a5b))return 1;
	if ((adress >= 0x7afe) && (adress < 0x7b03))return 1;*/
	for (uint32_t i = 0; i < 0x3e8; i++) {
		if ((adress >= 0x6f2e + i * 168) && (adress < 0x6f37 + i * 168))return 1;
	}
	if ((adress >= 0x36df6) && (adress < 0x36df7))return 1;
	return 0;
}

int test_E2A74_id_pointer(uint32_t adress) {
	//int offset = adress % 30;
	//if (offset == 12 || offset == 13)
	//	return 1;

	if ((adress >= 0x246) && (adress < 0x247))return 1;
	if ((adress >= 0x282) && (adress < 0x283))return 1;
	if ((adress >= 0x2a0) && (adress < 0x2a1))return 1;

	return 0;
}

int test_222BD3_id_pointer(uint32_t adress) {
	if ((adress >= 0x8) && (adress < 0x9))return 1;
	if ((adress >= 0x50) && (adress < 0x51))return 1;
	if ((adress >= 0x68) && (adress < 0x69))return 1;

	return 0;
}

uint32_t compare_with_snapshot_D41A0(const char* filename, uint8_t* adress, uint32_t adressdos, uint32_t size, uint8_t* origbyte, uint8_t* copybyte) {
	char findnamec[500];
	uint8_t* buffer = (uint8_t*)malloc(size);
	FILE* fptestepc;
	sprintf(findnamec, "c:/prenos/dosbox-x-remc2/vs2015/engine-memory-%s", filename);
	fptestepc = fopen(findnamec, "rb");
	if (fptestepc == NULL)
	{
		mydelay(100);
		fptestepc = fopen(findnamec, "rb");
	}
	fseek(fptestepc, adressdos, SEEK_SET);

	fread(buffer, size, 1, fptestepc);
	uint32_t i;
	bool testa, testb;
	for (i = 0; i < size; i++)
	{
		int testx = test_D41A0_id_pointer(i);
		if (testx == 1)
		{
			if (*(uint32_t*)&buffer[i])testa = true;
			else testa = false;
			if (*(uint32_t*)&adress[i])testb = true;
			else testb = false;
			if (testa != testb)
			{
				*origbyte = buffer[i];
				*copybyte = adress[i];
				break;
			}
			i += 3;
		}
		else if (testx == 0) {
			if (buffer[i] != adress[i])
			{
				*origbyte = buffer[i];
				*copybyte = adress[i];
				break;
			}
		}
	}

	free(buffer);
	fclose(fptestepc);

	if (i < size) {
		std::cout << "Regression compare sequence error @ function " << __FUNCTION__ << ", line " << __LINE__ << ": " << i << std::endl;
	}
	return(i);
};

uint32_t compare_with_sequence_E7EE0(const char* filename, uint8_t* adress, uint32_t  /*adressdos*/, uint32_t count, uint32_t size1, uint32_t size2, uint8_t* origbyte, uint8_t* copybyte, long offset) {
	std::string finddir;
	uint8_t* buffer = (uint8_t*)malloc(size2);
	FILE* fptestepc;
	finddir = CommandLineParams.GetMemimagesPath() + std::string("regressions");
	std::string finddir2 = GetSubDirectoryPath("", "");
	std::string findname = finddir2 + finddir + std::string("/sequence-") + filename + ".bin";
	fptestepc = fopen(findname.c_str(), "rb");
	if (fptestepc == NULL)
	{
		mydelay(100);
		fptestepc = fopen(findname.c_str(), "rb");
	}
	fseek(fptestepc, count * size1 + offset, SEEK_SET);

	fread(buffer, size2, 1, fptestepc);
	uint32_t i;
	bool testa, testb;
	//int diffindex = 0;
	for (i = 0; i < size2; i++)
	{
		int testx = test_E7EE0_id_pointer(i);
		if (testx == 1)
		{
			if (*(uint32_t*)&buffer[i])testa = true;
			else testa = false;
			if (*(uint32_t*)&adress[i])testb = true;
			else testb = false;
			if (testa != testb)
			{
				*origbyte = buffer[i];
				*copybyte = adress[i];
				break;
			}
			i += 3;
		}
		else if (testx == 0) {
			if (buffer[i] != adress[i])
			{
				*origbyte = buffer[i];
				*copybyte = adress[i];
				break;
			}
		}
	}

	free(buffer);
	fclose(fptestepc);

	if (i < size2) {
		std::cout << "Regression compare sequence error @ function " << __FUNCTION__ << ", line " << __LINE__ << ": " << i << std::endl;
	}
	return(i);
};

uint32_t compare_with_sequence_D41A0(const char* filename, uint8_t* adress, uint32_t  /*adressdos*/, uint32_t count, uint32_t size, uint8_t* origbyte, uint8_t* copybyte, long offset, bool regressions) {
	std::string finddir;
	uint8_t* buffer = (uint8_t*)malloc(size);
	FILE* fptestepc;
	if (regressions)
		finddir = CommandLineParams.GetMemimagesPath() + std::string("regressions");
	else
		finddir = std::string("../../dosbox-x-remc2/vs2015");
	std::string finddir2 = GetSubDirectoryPath("", "");
	if (unitTests)
	{
		finddir2 = "";
		finddir = unitTestsPath;
	}
	std::string findname = finddir2 + finddir + std::string("/sequence-") + filename + ".bin";
	fptestepc = fopen(findname.c_str(), "rb");
	if (fptestepc == NULL)
	{
		mydelay(100);
		fptestepc = fopen(findname.c_str(), "rb");
	}
	fseek(fptestepc, count * size + offset, SEEK_SET);

	fread(buffer, size, 1, fptestepc);
	uint32_t i;
	bool testa, testb;
	for (i = 0; i < size; i++)
	{
		int testx = test_D41A0_id_pointer(i);
		if (testx == 1)
		{
			if (*(uint32_t*)&buffer[i])testa = true;
			else testa = false;
			if (*(uint32_t*)&adress[i])testb = true;
			else testb = false;
			if (testa != testb)
			{
				*origbyte = buffer[i];
				*copybyte = adress[i];
				break;
			}
			i += 3;
		}
		else if (testx == 0) {
			if (buffer[i] != adress[i])
			{
				*origbyte = buffer[i];
				*copybyte = adress[i];
				for (int j = 0; (j < 10) && (i+j < size); j++)
				{
					std::cout << "buffer[" << i + j << "] = " << (int)buffer[i + j] << "   ";
					std::cout << "adress[" << i + j << "] = " << (int)adress[i + j] << std::endl;
				}
				break;
			}
		}
	}

	if (i < size) {
		Logger->error("Compare error: {}, byte: {}/{:#x}, step: {}/{:#x}, {:#x}/{:#x}", __FUNCTION__, i, i, count, count, buffer[i], adress[i]);
		type_shadow_D41A0_BYTESTR_0* adressD41A0 = (type_shadow_D41A0_BYTESTR_0*)adress;
		type_shadow_D41A0_BYTESTR_0* bufferD41A0 = (type_shadow_D41A0_BYTESTR_0*)buffer;
		Logger->error("Difference in: shadow_D41A0_BYTESTR_0.{}", compare_shadow_D41A0(i));

		// print the next 10 bytes of buffer and adress
		for (int j = 0; (j < 10) && (i+j < size); j++)
		{
			std::cout << "buffer[" << i + j << "] = " << (int)buffer[i + j] << "   ";
			std::cout << "adress[" << i + j << "] = " << (int)adress[i + j] << std::endl;
		}
		End_thread(-1);
	}
	free(buffer);
	fclose(fptestepc);
	return(i);
};

uint32_t compare_0x6E8E(const char* filename, uint8_t* adress, uint32_t count, uint32_t size, uint8_t* origbyte, uint8_t* copybyte, long offset) {
	char findnamec[500];
	uint8_t* buffer = (uint8_t*)malloc(size);
	FILE* fptestepc;
	sprintf(findnamec, "c:/prenos/dosbox-x-remc2/vs2015/sequence-%s.bin", filename);
	fptestepc = fopen(findnamec, "rb");
	if (fptestepc == NULL)
	{
		mydelay(100);
		fptestepc = fopen(findnamec, "rb");
	}
	fseek(fptestepc, count * size + offset, SEEK_SET);

	fread(buffer, size, 1, fptestepc);
	uint32_t i;
	bool testa, testb;
	for (i = 0; i < size; i++)
	{
		int testx = test_0x6E8E_id_pointer(i);
		if (testx == 1)
		{
			if (*(uint32_t*)&buffer[i])testa = true;
			else testa = false;
			if (*(uint32_t*)&adress[i])testb = true;
			else testb = false;
			if (testa != testb)
			{
				*origbyte = buffer[i];
				*copybyte = adress[i];
				break;
			}
			i += 3;
		}
		else if (testx == 0) {
			if (buffer[i] != adress[i])
			{
				*origbyte = buffer[i];
				*copybyte = adress[i];
				break;
			}
		}
	}

	free(buffer);
	fclose(fptestepc);
	if (i < size) {
		Logger->error("Regression compare sequence error @ function {}, line {}, byte: {}", __FUNCTION__, __LINE__, i);
		allert_error();
	}
	return(i);
};

uint32_t compare_with_sequence_EA3E4(const char* filename, type_entity_0x6E8E** adress, uint32_t count, uint32_t size, uint8_t* origbyte, uint8_t* copybyte) {
	std::string finddir;
	uint8_t* buffer = (uint8_t*)malloc(size * 0x3E9);
	FILE* fptestepc;
	finddir = CommandLineParams.GetMemimagesPath() + std::string("regressions");
	std::string finddir2 = GetSubDirectoryPath("", "");
	std::string findname = finddir2 + finddir + std::string("/sequence-") + filename + ".bin";
	fptestepc = fopen(findname.c_str(), "rb");
	if (fptestepc == NULL)
	{
		mydelay(100);
		fptestepc = fopen(findname.c_str(), "rb");
	}
	fseek(fptestepc, count * size * 0x3E9/* + offset*/, SEEK_SET);

	fread(buffer, size * 0x3E9, 1, fptestepc);

	for (int ea = 0; ea < 0x3E9; ea++)
	{
		uint32_t i;
		bool testa, testb;
		for (i = 0; i < size; i++)
		{
			int testx = test_EA3E4_id_pointer(i);
			if (testx == 1)
			{
				if (*(uint32_t*)&buffer[i + ea * size])testa = true;
				else testa = false;
				if (*(uint32_t*)((uint8_t*)adress[ea] + i))testb = true;
				else testb = false;
				if (testa != testb)
				{
					*origbyte = buffer[i + ea * size];
					*copybyte = *((uint8_t*)adress[ea] + i);
					break;
				}
				i += 3;
			}
			else if (testx == 0) {
				if (buffer[i + ea * size] != *((uint8_t*)adress[ea] + i))
				{
					*origbyte = buffer[i + ea * size];
					*copybyte = *((uint8_t*)adress[ea] + i);
					break;
				}
			}
		}
		if (i < size) {
			Logger->error("Regression compare sequence error @ function {}, line {}, byte: {}", __FUNCTION__, __LINE__, i);
			allert_error();
		}
	}

	free(buffer);

	fclose(fptestepc);

	return(1);
};

uint32_t compare_with_sequence_D41A0_4(const char* filename, uint8_t* adress, uint32_t  /*adressdos*/, uint32_t count, uint32_t size, uint8_t* origbyte, uint8_t* copybyte, long offset) {
	std::string finddir;
	uint8_t* buffer = (uint8_t*)malloc(size);
	FILE* fptestepc;
	finddir = CommandLineParams.GetMemimagesPath() + std::string("regressions");
	std::string finddir2 = GetSubDirectoryPath("", "");
	std::string findname = finddir2 + finddir + std::string("/sequence-") + filename + ".bin";
	fptestepc = fopen(findname.c_str(), "rb");
	if (fptestepc == NULL)
	{
		mydelay(100);
		fptestepc = fopen(findname.c_str(), "rb");
	}
	fseek(fptestepc, count * size + offset, SEEK_SET);

	fread(buffer, size, 1, fptestepc);
	uint32_t i;
	bool testa, testb;
	for (i = 0; i < size; i++)
	{
		int testx = test_D41A0_4_id_pointer(i);
		if (testx == 1)
		{
			if (*(uint32_t*)&buffer[i])testa = true;
			else testa = false;
			if (*(uint32_t*)&adress[i])testb = true;
			else testb = false;
			if (testa != testb)
			{
				*origbyte = buffer[i];
				*copybyte = adress[i];
				break;
			}
			i += 3;
		}
		else if (testx == 0) {
			if (buffer[i] != adress[i])
			{
				*origbyte = buffer[i];
				*copybyte = adress[i];
				break;
			}
		}
	}

	free(buffer);
	fclose(fptestepc);
	if (i < size) {
		Logger->error("Compare error: {}, byte: {}/{:#x}, step: {}/{:#x}, {:#x}/{:#x}", __FUNCTION__, i, i, count, count, buffer[i], adress[i]);
		allert_error();
	}
	return(i);
};

int test_F2C20ar_id_pointer(uint32_t adress) {
	if ((adress >= 0x8) && (adress < 0x9))return 1;
	return 0;
}

uint32_t compare_with_sequence_x_DWORD_F2C20ar(const char* filename, uint8_t* adress, uint32_t  /*adressdos*/, uint32_t count, uint32_t size, uint8_t* origbyte, uint8_t* copybyte, int* posdiff) {
	std::string finddir;
	uint8_t* buffer = (uint8_t*)malloc(size);
	FILE* fptestepc;
	finddir = CommandLineParams.GetMemimagesPath() + std::string("regressions");
	std::string finddir2 = GetSubDirectoryPath("", "");
	std::string findname = finddir2 + finddir + std::string("/sequence-") + filename + ".bin";
	fptestepc = fopen(findname.c_str(), "rb");
	if (fptestepc == NULL)
	{
		mydelay(100);
		fptestepc = fopen(findname.c_str(), "rb");
	}
	fseek(fptestepc, count * size, SEEK_SET);

	fread(buffer, size, 1, fptestepc);
	uint32_t i;
	bool testa, testb;
	int diffindex = 0;
	for (i = 0; i < size; i++)
	{
		int testx = test_F2C20ar_id_pointer(i);
		if (testx == 1)
		{
			if (*(uint32_t*)&buffer[i])testa = true;
			else testa = false;
			if (*(uint32_t*)&adress[i])testb = true;
			else testb = false;
			if (testa != testb)
			{
				posdiff[diffindex] = i;
				origbyte[diffindex] = buffer[i];
				copybyte[diffindex++] = adress[i];
				if (diffindex >= 100)break;
			}
			i += 3;
		}
		else if (testx == 0) {
			if (buffer[i] != adress[i])
			{
				posdiff[diffindex] = i;
				origbyte[diffindex] = buffer[i];
				copybyte[diffindex++] = adress[i];
				if (diffindex >= 100)break;
			}
		}
	}

	free(buffer);
	fclose(fptestepc);

	if (i < size) {
		Logger->error("Regression compare sequence error @ function {}, line {}, byte: {}", __FUNCTION__, __LINE__, i);
	}
	return(diffindex);
};

uint32_t compare_with_sequence_array_E2A74(const char* filename, uint8_t* adress, uint32_t  /*adressdos*/, uint32_t count, uint32_t size1, uint32_t size2, uint8_t* origbyte, uint8_t* copybyte, long offset, bool regressions) {
	std::string finddir;
	uint8_t* buffer = (uint8_t*)malloc(size2);
	FILE* fptestepc;
	if (regressions)
		finddir = CommandLineParams.GetMemimagesPath() + std::string("regressions");
	else
		finddir = std::string("../../dosbox-x-remc2/vs2015");
	std::string finddir2 = GetSubDirectoryPath("", "");
	std::string findname = finddir2 + finddir + std::string("/sequence-") + filename + ".bin";
	fptestepc = fopen(findname.c_str(), "rb");
	if (fptestepc == NULL)
	{
		mydelay(100);
		fptestepc = fopen(findname.c_str(), "rb");
	}
	fseek(fptestepc, count * size1 + offset, SEEK_SET);

	fread(buffer, size2, 1, fptestepc);
	uint32_t i;
	bool testa, testb;
	//int diffindex = 0;
	for (i = 0; i < size2; i++)
	{
		int testx = test_E2A74_id_pointer(i);
		if (testx == 1)
		{
			if (*(uint32_t*)&buffer[i])testa = true;
			else testa = false;
			if (*(uint32_t*)&adress[i])testb = true;
			else testb = false;
			if (testa != testb)
			{
				*origbyte = buffer[i];
				*copybyte = adress[i];
				break;
			}
			i += 3;
		}
		else if (testx == 0) {
			if (buffer[i] != adress[i])
			{
				*origbyte = buffer[i];
				*copybyte = adress[i];
				break;
			}
		}
	}

	free(buffer);
	fclose(fptestepc);

	if (i < size2) {
		Logger->error("Regression compare sequence error @ function {}, line {}, byte: {}", __FUNCTION__, __LINE__, i);
	}
	return(i);
};

uint32_t compare_with_sequence_array_222BD3(const char* filename, uint8_t* adress, uint32_t  /*adressdos*/, uint32_t count, uint32_t size, uint8_t* origbyte, uint8_t* copybyte, int* posdiff) {
	std::string finddir;
	uint8_t* buffer = (uint8_t*)malloc(size);
	FILE* fptestepc;
	finddir = CommandLineParams.GetMemimagesPath() + std::string("regressions");
	std::string finddir2 = GetSubDirectoryPath("", "");
	std::string findname = finddir2 + finddir + std::string("/sequence-") + filename + ".bin";
	fptestepc = fopen(findname.c_str(), "rb");
	if (fptestepc == NULL)
	{
		mydelay(100);
		fptestepc = fopen(findname.c_str(), "rb");
	}
	fseek(fptestepc, count * size, SEEK_SET);

	fread(buffer, size, 1, fptestepc);
	uint32_t i;
	bool testa, testb;
	int diffindex = 0;
	for (i = 0; i < size; i++)
	{
		int testx = test_222BD3_id_pointer(i);
		if (testx == 1)
		{
			if (*(uint32_t*)&buffer[i])testa = true;
			else testa = false;
			if (*(uint32_t*)&adress[i])testb = true;
			else testb = false;
			if (testa != testb)
			{
				posdiff[diffindex] = i;
				origbyte[diffindex] = buffer[i];
				copybyte[diffindex++] = adress[i];
				if (diffindex >= 100)break;
			}
			i += 3;
		}
		else if (testx == 0) {
			if (buffer[i] != adress[i])
			{
				posdiff[diffindex] = i;
				origbyte[diffindex] = buffer[i];
				copybyte[diffindex++] = adress[i];
				if (diffindex >= 100)break;
			}
		}
	}

	free(buffer);
	fclose(fptestepc);

	if (i < size) {
		Logger->error("Regression compare sequence error @ function {}, line {}, byte: {}", __FUNCTION__, __LINE__, i);
	}
	return(i);
};

uint32_t compare_with_sequence(const char* filename, const uint8_t* adress, uint32_t  /*adressdos*/, long count, long size1, uint32_t size2, uint8_t* origbyte, uint8_t* copybyte, long offset, bool regressions) {
	std::string finddir;
	uint8_t* buffer = (uint8_t*)malloc(size2);
	FILE* fptestepc;
	if (regressions)
		finddir = CommandLineParams.GetMemimagesPath() + std::string("regressions");
	else
		finddir = std::string("../../dosbox-x-remc2/vs2015");
	std::string finddir2 = GetSubDirectoryPath("", "");
	if (unitTests)
	{
		finddir2 = "";
		finddir = unitTestsPath;
	}
	std::string findname = finddir2 + finddir + std::string("/sequence-") + filename + ".bin";
	fptestepc = fopen(findname.c_str(), "rb");
	if (fptestepc == NULL)
	{
		mydelay(100);
		fptestepc = fopen(findname.c_str(), "rb");
	}

#if defined(__linux__) || defined(__APPLE__)
	fseek(fptestepc, (long long)count * (long long)size1 + offset, SEEK_SET);
#else
	_fseeki64(fptestepc, (long long)count * (long long)size1 + offset, SEEK_SET);
#endif

	uint32_t i;
	/*for (i = 0; i < count; i++)
	{
		fread_s(buffer,size,1,size, fptestepc);
	}*/

	fread(buffer, size2, 1, fptestepc);
	if (size2 == 320 * 200)
	{
		VGA_Debug_Blit(320, 200, pdwScreenBuffer_351628);
		/*for (int iii = 0; iii < 320 * 200; iii++)pdwScreenBuffer_351628[iii] = buffer[iii];*/
		VGA_Debug_Blit(320, 200, pdwScreenBuffer_351628);
		VGA_Debug_Blit(320, 200, pdwScreenBuffer_351628);
	}
	//for (i = size-1; i >0; i--)
	for (i = 0; i < size2; i++)
	{
		if (buffer[i] != adress[i])
		{
			*origbyte = buffer[i];
			*copybyte = adress[i];
			break;
		}
	}

	if (i < size2) {
		Logger->error("Compare error: {}, byte: {}/{:#x}, step: {}/{:#x}, {:#x}/{:#x}", __FUNCTION__, i, i, count, count, buffer[i], adress[i]);
		End_thread(-1);
	}
	free(buffer);
	fclose(fptestepc);
	return(i);
};

void mine_texts(const char* filename, uint32_t adressdos, uint32_t count, char* outfilename) {
	char findnamec[500];
	FILE* fptestepc;
	FILE* fileout;
	char actchar;
	char outtext[2048];
	char outtext2[2176];
	sprintf(findnamec, "c:/prenos/dosbox-x-remc2/vs2015/engine-memory-%s", filename);
	fptestepc = fopen(findnamec, "rb");
	fileout = fopen(outfilename, "wb");
	if (fptestepc == NULL)
	{
		mydelay(100);
		fptestepc = fopen(findnamec, "rb");
	}
	fseek(fptestepc, adressdos, SEEK_SET);
	long adressadd;
	long adressaddall = 0;
	fread(&actchar, 1, 1, fptestepc);
	for (uint32_t i = 0; i < count; i++)
	{
		adressadd = 0;
		while ((adressaddall % 4) || (actchar == 0))
		{
			fread(&actchar, 1, 1, fptestepc);
			adressaddall++;
		}
		while (actchar != 0) {
			outtext[adressadd] = actchar;
			fread(&actchar, 1, 1, fptestepc);
			adressadd++;
			adressaddall++;
		}

		outtext[adressadd] = 0;
		sprintf(outtext2, "char* off_%05lX[1]={%s};\n", 0xDB06C - 0x1131 + adressaddall, outtext);
		if (strlen(outtext2) > 1)
			fwrite(outtext2, strlen(outtext2), 1, fileout);
	}

	fclose(fptestepc);
	fclose(fileout);
};

void writehex(uint8_t* buffer, uint32_t count) {
	for (uint32_t i = 0; i < count; i++)
	{
		if (i % 32 == 0)Logger->trace("\n");
		Logger->trace("{}", buffer[i]);
	}
	Logger->trace("\n");
};

/*
void x_D41A0_BYTEARRAY_0_to_x_D41A0_BYTESTR_0()
{
	D41A0_BYTESTR_0.word_0xc = *(int16_t*)&x_D41A0_BYTEARRAY_0[12];
	D41A0_BYTESTR_0.dword_0x235 = *(int32_t*)&x_D41A0_BYTEARRAY_0[0x235];

	D41A0_BYTESTR_0.byte_0x218D = x_D41A0_BYTEARRAY_0[0x218D];
	D41A0_BYTESTR_0.byte_0x2190 = x_D41A0_BYTEARRAY_0[0x2190];

	D41A0_BYTESTR_0.str_2FECE.byte_0x2FED4 = x_D41A0_BYTEARRAY_0[0x2FED4];

	D41A0_BYTESTR_0.byte_0x365FC = x_D41A0_BYTEARRAY_0[0x365FC];
	D41A0_BYTESTR_0.byte_0x365FD = x_D41A0_BYTEARRAY_0[0x365FD];
	D41A0_BYTESTR_0.word_0x365E0 = *(int16_t*)&x_D41A0_BYTEARRAY_0[0x365E0];

	D41A0_BYTESTR_0.byte_0x36E00 = x_D41A0_BYTEARRAY_0[0x36e00];

	memcpy(D41A0_BYTESTR_0.array_0x365F4, &x_D41A0_BYTEARRAY_0[0x365F4],0x58);
	for (int i = 0; i < 0xb; i++)//fix 0x1 to real count
	{
		memcpy(&D41A0_BYTESTR_0.array_0x2BDE[i], &x_D41A0_BYTEARRAY_0[0x2BDE + 0x84c * i], 0x84c);
	}
	for (int i = 0; i < 0xb; i++)//fix 0x1 to real count
	{
		memcpy(&D41A0_BYTESTR_0.str_2FECE.array_0x3030E[i], &x_D41A0_BYTEARRAY_0[0x3030E + 20 * i], 0x20);
	}
	for (int i = 0; i < 0xb; i++)//fix 0x1 to real count
	{
		memcpy(&D41A0_BYTESTR_0.str_2FECE.array_0x3647A[i], &x_D41A0_BYTEARRAY_0[0x3647A + 8 * i], 0x8);
	}
	for (int i = 0; i < 0xb; i++)//fix 0x1 to real count
	{
		memcpy(&D41A0_BYTESTR_0.array_0x365F4[i], &x_D41A0_BYTEARRAY_0[0x365F4+8*i], 0x8);
	}
}

void x_D41A0_BYTESTR_0_to_x_D41A0_BYTEARRAY_0()
{
	*(int16_t*)&x_D41A0_BYTEARRAY_0[12]= D41A0_BYTESTR_0.word_0xc;
	*(int32_t*)&x_D41A0_BYTEARRAY_0[0x235] = D41A0_BYTESTR_0.dword_0x235;

	x_D41A0_BYTEARRAY_0[0x218D] = D41A0_BYTESTR_0.byte_0x218D;
	x_D41A0_BYTEARRAY_0[0x2190] = D41A0_BYTESTR_0.byte_0x2190;

	x_D41A0_BYTEARRAY_0[0x2FED4] = D41A0_BYTESTR_0.str_2FECE.byte_0x2FED4;

	x_D41A0_BYTEARRAY_0[0x365FC]= D41A0_BYTESTR_0.byte_0x365FC;
	x_D41A0_BYTEARRAY_0[0x365FD]= D41A0_BYTESTR_0.byte_0x365FD;
	*(int16_t*)&x_D41A0_BYTEARRAY_0[0x365E0]= D41A0_BYTESTR_0.word_0x365E0;

	x_D41A0_BYTEARRAY_0[0x36e00]= D41A0_BYTESTR_0.byte_0x36E00;

	memcpy(&x_D41A0_BYTEARRAY_0[0x365F4], D41A0_BYTESTR_0.array_0x365F4, 0x58);
	for (int i = 0; i < 0xb; i++)//fix 0x1 to real count
	{
		memcpy(&x_D41A0_BYTEARRAY_0[0x2BDE+ 0x84c * i], &D41A0_BYTESTR_0.array_0x2BDE[i], 0x84c);
	}
	for (int i = 0; i < 0xb; i++)//fix 0x1 to real count
	{
		memcpy(&x_D41A0_BYTEARRAY_0[0x3030E + 20 * i], &D41A0_BYTESTR_0.str_2FECE.array_0x3030E[i], 0x20);
	}
	for (int i = 0; i < 0xb; i++)//fix 0x1 to real count
	{
		memcpy(&x_D41A0_BYTEARRAY_0[0x3647A + 8 * i], &D41A0_BYTESTR_0.str_2FECE.array_0x3647A[i], 0x8);
	}
	for (int i = 0; i < 0xb; i++)//fix 0x1 to real count
	{
		memcpy(&x_D41A0_BYTEARRAY_0[0x365F4 + 8 * i], &D41A0_BYTESTR_0.array_0x365F4[i], 0x8);
	}
}*/

#ifdef REMC2_CODE
#ifdef _DEBUG
inline void setRGBA(png_byte* ptr, uint8_t* val)
{
	ptr[0] = val[0];
	ptr[1] = val[1];
	ptr[2] = val[2];
	ptr[3] = val[3];
}
#endif //_DEBUG
#endif //REMC2_CODE

#ifdef _DEBUG
#include "stb_image_write.h"
int writeImage(const char* filename, int width, int height, uint8_t* buffer, char* title)
{
	int success = stbi_write_png(filename, width, height, 4, buffer, width * 4);
	if (success == 0) {
		Logger->error("Could not write PNG file {}", filename);
		return 1;
	}

	return 0; // OK
}
#endif

const int bytesPerPixel = 4; /// red, green, blue
const int fileHeaderSize = 14;
const int infoHeaderSize = 40;

unsigned char* createBitmapFileHeader(int height, int  /*width*/, int pitch, int paddingSize) {
	int fileSize = fileHeaderSize + infoHeaderSize + (/*bytesPerPixel*width*/pitch + paddingSize) * height;

	static unsigned char fileHeader[] = {
		0,0, /// signature
		0,0,0,0, /// image file size in bytes
		0,0,0,0, /// reserved
		0,0,0,0, /// start of pixel array
	};

	fileHeader[0] = (unsigned char)('B');
	fileHeader[1] = (unsigned char)('M');
	fileHeader[2] = (unsigned char)(fileSize);
	fileHeader[3] = (unsigned char)(fileSize >> 8);
	fileHeader[4] = (unsigned char)(fileSize >> 16);
	fileHeader[5] = (unsigned char)(fileSize >> 24);
	fileHeader[10] = (unsigned char)(fileHeaderSize + infoHeaderSize);

	return fileHeader;
}

unsigned char* createBitmapInfoHeader(int height, int width) {
	static unsigned char infoHeader[] = {
		0,0,0,0, /// header size
		0,0,0,0, /// image width
		0,0,0,0, /// image height
		0,0, /// number of color planes
		0,0, /// bits per pixel
		0,0,0,0, /// compression
		0,0,0,0, /// image size
		0,0,0,0, /// horizontal resolution
		0,0,0,0, /// vertical resolution
		0,0,0,0, /// colors in color table
		0,0,0,0, /// important color count
	};

	infoHeader[0] = (unsigned char)(infoHeaderSize);
	infoHeader[4] = (unsigned char)(width);
	infoHeader[5] = (unsigned char)(width >> 8);
	infoHeader[6] = (unsigned char)(width >> 16);
	infoHeader[7] = (unsigned char)(width >> 24);
	infoHeader[8] = (unsigned char)(height);
	infoHeader[9] = (unsigned char)(height >> 8);
	infoHeader[10] = (unsigned char)(height >> 16);
	infoHeader[11] = (unsigned char)(height >> 24);
	infoHeader[12] = (unsigned char)(1);
	infoHeader[14] = (unsigned char)(bytesPerPixel * 8);

	return infoHeader;
}

void writeImageBMP(const char* imageFileName, int width, int height, uint8_t* image)
{
	int pitch = bytesPerPixel * width;
	unsigned char padding[3] = { 0, 0, 0 };
	int paddingSize = (4 - (/*width*bytesPerPixel*/ pitch) % 4) % 4;

	unsigned char* fileHeader = createBitmapFileHeader(height, width, pitch, paddingSize);
	unsigned char* infoHeader = createBitmapInfoHeader(height, width);

	FILE* imageFile = fopen(imageFileName, "wb");

	fwrite(fileHeader, 1, fileHeaderSize, imageFile);
	fwrite(infoHeader, 1, infoHeaderSize, imageFile);

	int i;
	for (i = 0; i < height; i++) {
		fwrite(image + (i * pitch /*width*bytesPerPixel*/), bytesPerPixel, width, imageFile);
		fwrite(padding, 1, paddingSize, imageFile);
	}

	fclose(imageFile);
	//free(fileHeader);
	//free(infoHeader);
}

void write_bitmap_pos_struct_to_png(uint8_t* buffer, int width, int height, const char* filename) {
	//int width = actposistruct->width;
	//int height = actposistruct->height;
	//png_bytep *row_pointers=(png_bytep*)malloc(sizeof(row_pointers)*height);
	//png_bytep row = NULL;
	//uint8_t buffer[10000];

	//uint8_t* buffer_ptr = buffer;

	//uint8_t* texture= actposistruct->data;

	//uint8_t* v21_buffer_temp_index1 = buffer;
	/*
	//v21 = (char *)(dword_18062C * a2 + a3 + v6);
	int8_t v22_loc = 0;
	int8_t v23_loc = -1;
	int8_t* v25_loc = 0;
	int8_t v26_loc = 0;
	int8_t* v27_loc = 0;
	int8_t* v24_loc = (int8_t*)v21_buffer_temp_index1;

	int screenWidth_18062C = 11;
	int a1byte2 = 8;

	do
	{
		while (1)
		{
			while (1)
			{
				v23_loc = texture[0];
				texture++;
				if ((v23_loc & 0x80u) == 0)
					break;
				v25_loc = (int8_t*)&v21_buffer_temp_index1[-v23_loc];
				v26_loc = texture[0];
				v27_loc = (int8_t*)(texture + 1);
				v22_loc = v26_loc;
				memcpy(v25_loc, v27_loc, v22_loc);
				texture = (uint8_t*)&v27_loc[v22_loc];
				v21_buffer_temp_index1 = (uint8_t*)&v25_loc[v22_loc];
				v22_loc = 0;
			}
			if (!v23_loc)
				break;
			v22_loc = v23_loc;
			memcpy(v21_buffer_temp_index1, texture, v22_loc);
			texture += v22_loc;
			v21_buffer_temp_index1 += v22_loc;
			v22_loc = 0;
		}
		v24_loc += screenWidth_18062C;
		v21_buffer_temp_index1 = (uint8_t*)v24_loc;
		a1byte2--;
	} while (a1byte2);
	*/

	uint8_t Palettebuffer[768];
	FILE* palfile;
	//fopen_s(&palfile, "c:\\prenos\\remc2\\testpal.pal", "rb");
	palfile = fopen("c:\\prenos\\remc2\\tools\\palletelight\\Debug\\out-n.pal", "rb");
	fread(Palettebuffer, 768, 1, palfile);
	fclose(palfile);

	uint8_t buffer2[10000 * 4];
	for (int i = 0; i < width * height; i++)
	{
		/*buffer2[i * 4 + 0] = buffer[i];
		buffer2[i * 4 + 1] = buffer[i];
		buffer2[i * 4 + 2] = buffer[i];*/
		buffer2[i * 4 + 0] = Palettebuffer[buffer[(width * height) - 1 - i] * 3 + 2];
		buffer2[i * 4 + 1] = Palettebuffer[buffer[(width * height) - 1 - i] * 3 + 1];
		buffer2[i * 4 + 2] = Palettebuffer[buffer[(width * height) - 1 - i] * 3];

		if (buffer[(width * height) - 1 - i] != 0xff)buffer2[i * 4 + 3] = 255;
	}
	//writeImage(filename, width, height, buffer2);
	writeImageBMP(filename, width, height, buffer2);
	/*
	int y;

	FILE *fp = fopen(filename, "wb");
	if (!fp) abort();

	png_structp png = png_create_write_struct(PNG_LIBPNG_VER_STRING, NULL, NULL, NULL);
	if (!png) abort();

	png_infop info = png_create_info_struct(png);
	if (!info) abort();

	if (setjmp(png_jmpbuf(png))) abort();

	png_init_io(png, fp);

	// Output is 8bit depth, RGBA format.
	png_set_IHDR(
		png,
		info,
		width, height,
		8,
		PNG_COLOR_TYPE_RGBA,
		PNG_INTERLACE_NONE,
		PNG_COMPRESSION_TYPE_DEFAULT,
		PNG_FILTER_TYPE_DEFAULT
	);
	png_write_info(png, info);

	// To remove the alpha channel for PNG_COLOR_TYPE_RGB format,
	// Use png_set_filler().
	//png_set_filler(png, 0, PNG_FILLER_AFTER);

	// Allocate memory for one row (3 bytes per pixel - RGB)
	row = (png_bytep)malloc(3 * width * sizeof(png_byte));

	// Write image data
	int xx, yy;
	for (yy = 0; yy < height; yy++) {
		for (xx = 0; xx < width; xx++) {
			setRGB(&(row[xx * 3]), buffer[yy*width + xx]);
		}
		png_write_row(png, row);
	}

	// End write
	png_write_end(png, NULL);

	if (fp != NULL) fclose(fp);
	if (info != NULL) png_free_data(png, info, PNG_FREE_ALL, -1);
	if (png != NULL) png_destroy_write_struct(&png, (png_infopp)NULL);
	if (row != NULL) free(row);*/
}

#ifdef _DEBUG
void buff_bitmap_pos_struct_to_png(uint8_t* buffer, int width, int height, const char* filename) {
	//png_bytep row = NULL;
	uint8_t Palettebuffer[768];
	FILE* palfile;
	palfile = fopen("c:\\prenos\\remc2\\testpal.pal", "rb");
	fread(Palettebuffer, 768, 1, palfile);
	fclose(palfile);

	uint8_t buffer2[10000 * 4];
	for (int i = 0; i < 10000; i++)
	{
		buffer2[i * 4 + 0] = Palettebuffer[buffer[i] * 3];
		buffer2[i * 4 + 1] = Palettebuffer[buffer[i] * 3 + 1];
		buffer2[i * 4 + 2] = Palettebuffer[buffer[i] * 3 + 2];

		if (buffer[i] != 0xff)buffer2[i * 4 + 3] = 255;
	}
	writeImage(filename, width, height, buffer2, (char*)"test");
}
#endif

void testdword(int32_t* val1, int32_t* val2) {
	if (*val1 != *val2)
	{
		Logger->error("x_D41A0_BYTEARRAY_0_error");
		//allert_error();
		//exit(0);
	}
}

void testcbyte(int count, uint8_t* val1, uint8_t* val2) {
	for (int i = 0; i < count; count++)
		if (val1[i] != val2[i])
		{
			Logger->error("x_D41A0_BYTEARRAY_0_error");
			//allert_error();
			//exit(0);
		}
}

void testword(int16_t* val1, int16_t* val2) {
	if (*val1 != *val2)
	{
		Logger->error("x_D41A0_BYTEARRAY_0_error");
		//allert_error();
		//exit(0);
	}
}

void testbyte(uint8_t* val1, uint8_t* val2) {
	if (*val1 != *val2)
	{
		Logger->error("x_D41A0_BYTEARRAY_0_error");
		//allert_error();
		//exit(0);
	}
}

/*int32_t get_x_D41A0_BYTEARRAY_0_4() {
	testdword((int32_t*)(x_D41A0_BYTEARRAY_0 + 4), &D41A0_BYTESTR_0.dword_0x4);
	return *(int32_t*)(x_D41A0_BYTEARRAY_0 + 4);
};
void set_x_D41A0_BYTEARRAY_0_4(int32_t value) {
	*(int32_t*)(x_D41A0_BYTEARRAY_0 + 4) = value;
	D41A0_BYTESTR_0.dword_0x4 = value;
};

int32_t get_x_D41A0_BYTEARRAY_0_8() {
	testdword((int32_t*)(x_D41A0_BYTEARRAY_0 + 8), &D41A0_BYTESTR_0.dword_0x8);
	return *(int32_t*)(x_D41A0_BYTEARRAY_0 + 8);
};
void set_x_D41A0_BYTEARRAY_0_8(int32_t value) {
	D41A0_BYTESTR_0.dword_0x8 = value;
	*(int32_t*)(x_D41A0_BYTEARRAY_0 + 8) = value;
};

int16_t get_x_D41A0_BYTEARRAY_0_0xe() {
	testword((int16_t*)&x_D41A0_BYTEARRAY_0[14], &D41A0_BYTESTR_0.word_0xe);
	return D41A0_BYTESTR_0.word_0xe;
};
void set_x_D41A0_BYTEARRAY_0_0xe(int16_t value) {
	*(int16_t*)&x_D41A0_BYTEARRAY_0[14] = value;
	D41A0_BYTESTR_0.word_0xe = value;
};

int8_t get_x_D41A0_BYTEARRAY_0_0x10(int number) {
	testbyte(&x_D41A0_BYTEARRAY_0[number + 0x10], &D41A0_BYTESTR_0.array_0x10[number]);
	return D41A0_BYTESTR_0.array_0x10[number];
};
void set_x_D41A0_BYTEARRAY_0_0x10(int number, int8_t value) {
	x_D41A0_BYTEARRAY_0[number + 0x10] = value;
	D41A0_BYTESTR_0.array_0x10[number] = value;
};

void plus_x_D41A0_BYTEARRAY_0_0x10(int number) {
	x_D41A0_BYTEARRAY_0[number + 0x10]++;
	D41A0_BYTESTR_0.array_0x10[number] = x_D41A0_BYTEARRAY_0[number + 0x10];
};

uint8_t get_x_D41A0_BYTEARRAY_0_0x22() {
	testbyte(&x_D41A0_BYTEARRAY_0[34], &D41A0_BYTESTR_0.byte_0x22);
	return D41A0_BYTESTR_0.byte_0x22;
};
void set_x_D41A0_BYTEARRAY_0_0x22(uint8_t value) {
	x_D41A0_BYTEARRAY_0[34] = value;
	D41A0_BYTESTR_0.byte_0x22 = value;
};

int32_t get_x_D41A0_BYTEARRAY_0_0x35() {
	testdword((int32_t*)&x_D41A0_BYTEARRAY_0[53], &D41A0_BYTESTR_0.dword_0x35);
	return D41A0_BYTESTR_0.dword_0x35;
};
void set_x_D41A0_BYTEARRAY_0_0x35(int32_t value) {
	*(int32_t*)&x_D41A0_BYTEARRAY_0[53] = value;
	D41A0_BYTESTR_0.dword_0x35 = value;
};

void plus_x_D41A0_BYTEARRAY_0_0x35() {
	(*(int32_t*)&x_D41A0_BYTEARRAY_0[53])++;
	D41A0_BYTESTR_0.dword_0x35 = *(int32_t*)&x_D41A0_BYTEARRAY_0[53];
};

void minus_x_D41A0_BYTEARRAY_0_0x35() {
	(*(int32_t*)&x_D41A0_BYTEARRAY_0[53])--;
	D41A0_BYTESTR_0.dword_0x35 = *(int32_t*)&x_D41A0_BYTEARRAY_0[53];
};

int32_t get_x_D41A0_BYTEARRAY_0_235() {
	testdword((int32_t*)&x_D41A0_BYTEARRAY_0[0x235], &D41A0_BYTESTR_0.dword_0x235);
	return D41A0_BYTESTR_0.dword_0x235;
};
void set_x_D41A0_BYTEARRAY_0_235(int32_t value) {
	*(int32_t*)&x_D41A0_BYTEARRAY_0[0x235] = value;
	D41A0_BYTESTR_0.dword_0x235 = value;
};

int32_t get_x_D41A0_BYTEARRAY_0_23a() {
	testdword((int32_t*)&x_D41A0_BYTEARRAY_0[0x23a], &D41A0_BYTESTR_0.dword_0x23a);
	return D41A0_BYTESTR_0.dword_0x23a;
};
void set_x_D41A0_BYTEARRAY_0_23a(int32_t value) {
	*(int32_t*)&x_D41A0_BYTEARRAY_0[0x23a] = value;
	D41A0_BYTESTR_0.dword_0x23a = value;
};

int32_t get_x_D41A0_BYTEARRAY_0_23e() {
	testdword((int32_t*)&x_D41A0_BYTEARRAY_0[0x23e], &D41A0_BYTESTR_0.dword_0x23e);
	return D41A0_BYTESTR_0.dword_0x23e;
};
void set_x_D41A0_BYTEARRAY_0_23e(int32_t value) {
	*(int32_t*)&x_D41A0_BYTEARRAY_0[0x23e] = value;
	D41A0_BYTESTR_0.dword_0x23e = value;
};

int32_t get_x_D41A0_BYTEARRAY_0_242() {
	testdword((int32_t*)&x_D41A0_BYTEARRAY_0[0x242], &D41A0_BYTESTR_0.dword_0x242);
	return D41A0_BYTESTR_0.dword_0x242;
};
void set_x_D41A0_BYTEARRAY_0_242(int32_t value) {
	*(int32_t*)&x_D41A0_BYTEARRAY_0[0x242] = value;
	D41A0_BYTESTR_0.dword_0x242 = value;
};

type_str_0x6E8E* get_x_D41A0_BYTEARRAY_0_0x246(int number) {
	testdword((int32_t*)&x_D41A0_BYTEARRAY_0[4*number + 0x246], (int32_t*)&D41A0_BYTESTR_0.pointers_0x246[number]);
	return D41A0_BYTESTR_0.pointers_0x246[number];
};
void set_x_D41A0_BYTEARRAY_0_0x246(int number, type_str_0x6E8E* value) {
	*(uint8_t**)&x_D41A0_BYTEARRAY_0[4*number + 0x246] = (uint8_t*)value;
	D41A0_BYTESTR_0.pointers_0x246[number] = value;
};

int32_t get_x_D41A0_BYTEARRAY_0_0x11e6() {
	testdword((int32_t*)&x_D41A0_BYTEARRAY_0[0x11e6], (int32_t*)&D41A0_BYTESTR_0.dword_0x11e6);
	return D41A0_BYTESTR_0.dword_0x11e6;
};
void set_x_D41A0_BYTEARRAY_0_0x11e6(int32_t value) {
	*(int32_t*)&x_D41A0_BYTEARRAY_0[0x11e6] = value;
	D41A0_BYTESTR_0.dword_0x11e6= value;
};

uint8_t get_x_D41A0_BYTEARRAY_0_0x218a() {
	testbyte(&x_D41A0_BYTEARRAY_0[0x218A], &D41A0_BYTESTR_0.byte_0x218A);
	return D41A0_BYTESTR_0.byte_0x218A;
};
void set_x_D41A0_BYTEARRAY_0_0x218a(uint8_t value) {
	x_D41A0_BYTEARRAY_0[0x218A] = value;
	D41A0_BYTESTR_0.byte_0x218A = value;
};
uint8_t get_x_D41A0_BYTEARRAY_0_0x218b() {
	testbyte(&x_D41A0_BYTEARRAY_0[0x218B], &D41A0_BYTESTR_0.byte_0x218B);
	return D41A0_BYTESTR_0.byte_0x218B;
};
void set_x_D41A0_BYTEARRAY_0_0x218b(uint8_t value) {
	x_D41A0_BYTEARRAY_0[0x218b] = value;
	D41A0_BYTESTR_0.byte_0x218B = value;
};
uint8_t get_x_D41A0_BYTEARRAY_0_0x218c() {
	testbyte(&x_D41A0_BYTEARRAY_0[0x218C], &D41A0_BYTESTR_0.byte_0x218C);
	return D41A0_BYTESTR_0.byte_0x218C;
};
void set_x_D41A0_BYTEARRAY_0_0x218c(uint8_t value) {
	x_D41A0_BYTEARRAY_0[0x218C] = value;
	D41A0_BYTESTR_0.byte_0x218C = value;
};
uint8_t get_x_D41A0_BYTEARRAY_0_0x218d() {
	testbyte(&x_D41A0_BYTEARRAY_0[0x218d], &D41A0_BYTESTR_0.byte_0x218D);
	return D41A0_BYTESTR_0.byte_0x218D;
};
void set_x_D41A0_BYTEARRAY_0_0x218d(uint8_t value) {
	x_D41A0_BYTEARRAY_0[0x218d] = value;
	D41A0_BYTESTR_0.byte_0x218D = value;
};
uint8_t get_x_D41A0_BYTEARRAY_0_0x218e() {
	testbyte(&x_D41A0_BYTEARRAY_0[0x218e], &D41A0_BYTESTR_0.byte_0x218E);
	return D41A0_BYTESTR_0.byte_0x218E;
};
void set_x_D41A0_BYTEARRAY_0_0x218e(uint8_t value) {
	x_D41A0_BYTEARRAY_0[0x218e] = value;
	D41A0_BYTESTR_0.byte_0x218E = value;
};
uint8_t get_x_D41A0_BYTEARRAY_0_0x218f() {
	testbyte(&x_D41A0_BYTEARRAY_0[0x218f], &D41A0_BYTESTR_0.byte_0x218F);
	return D41A0_BYTESTR_0.byte_0x218F;
};
void set_x_D41A0_BYTEARRAY_0_0x218f(uint8_t value) {
	x_D41A0_BYTEARRAY_0[0x218f] = value;
	D41A0_BYTESTR_0.byte_0x218F = value;
};
uint8_t get_x_D41A0_BYTEARRAY_0_0x2190() {
	testbyte(&x_D41A0_BYTEARRAY_0[0x2190], &D41A0_BYTESTR_0.byte_0x2190);
	return D41A0_BYTESTR_0.byte_0x2190;
};
void set_x_D41A0_BYTEARRAY_0_0x2190(uint8_t value) {
	x_D41A0_BYTEARRAY_0[0x2190] = value;
	D41A0_BYTESTR_0.byte_0x2190 = value;
};
uint8_t get_x_D41A0_BYTEARRAY_0_0x2196() {
	testbyte(&x_D41A0_BYTEARRAY_0[0x2196], &D41A0_BYTESTR_0.byte_0x2196);
	return D41A0_BYTESTR_0.byte_0x2196;
};
void set_x_D41A0_BYTEARRAY_0_0x2196(uint8_t value) {
	x_D41A0_BYTEARRAY_0[0x2196] = value;
	D41A0_BYTESTR_0.byte_0x2196 = value;
};
uint8_t get_x_D41A0_BYTEARRAY_0_0x2197() {
	testbyte(&x_D41A0_BYTEARRAY_0[0x2197], &D41A0_BYTESTR_0.byte_0x2197);
	return D41A0_BYTESTR_0.byte_0x2197;
};
void set_x_D41A0_BYTEARRAY_0_0x2197(uint8_t value) {
	x_D41A0_BYTEARRAY_0[0x2197] = value;
	D41A0_BYTESTR_0.byte_0x2197 = value;
};
uint8_t get_x_D41A0_BYTEARRAY_0_0x2198() {
	testbyte(&x_D41A0_BYTEARRAY_0[0x2198], &D41A0_BYTESTR_0.byte_0x2198);
	return D41A0_BYTESTR_0.byte_0x2198;
};
void set_x_D41A0_BYTEARRAY_0_0x2198(uint8_t value) {
	x_D41A0_BYTEARRAY_0[0x2198] = value;
	D41A0_BYTESTR_0.byte_0x2198 = value;
};
uint8_t get_x_D41A0_BYTEARRAY_0_0x2199() {
	testbyte(&x_D41A0_BYTEARRAY_0[0x2199], &D41A0_BYTESTR_0.byte_0x2199);
	return D41A0_BYTESTR_0.byte_0x2199;
};
void set_x_D41A0_BYTEARRAY_0_0x2199(uint8_t value) {
	x_D41A0_BYTEARRAY_0[0x2199] = value;
	D41A0_BYTESTR_0.byte_0x2199 = value;
};

uint8_t get_x_D41A0_BYTEARRAY_0_0x21aa() {
	testbyte(&x_D41A0_BYTEARRAY_0[0x21AA], &D41A0_BYTESTR_0.byte_0x21AA);
	return D41A0_BYTESTR_0.byte_0x21AA;
};
void set_x_D41A0_BYTEARRAY_0_0x21aa(uint8_t value) {
	x_D41A0_BYTEARRAY_0[0x21AA] = value;
	D41A0_BYTESTR_0.byte_0x21AA = value;
};
uint8_t get_x_D41A0_BYTEARRAY_0_0x21ab() {
	testbyte(&x_D41A0_BYTEARRAY_0[0x21AB], &D41A0_BYTESTR_0.byte_0x21AB);
	return D41A0_BYTESTR_0.byte_0x21AB;
};
void set_x_D41A0_BYTEARRAY_0_0x21ab(uint8_t value) {
	x_D41A0_BYTEARRAY_0[0x21AB] = value;
	D41A0_BYTESTR_0.byte_0x21AB = value;
};
uint8_t get_x_D41A0_BYTEARRAY_0_0x21ac() {
	testbyte(&x_D41A0_BYTEARRAY_0[0x21AC], &D41A0_BYTESTR_0.byte_0x21AC);
	return D41A0_BYTESTR_0.byte_0x21AC;
};
void set_x_D41A0_BYTEARRAY_0_0x21ac(uint8_t value) {
	x_D41A0_BYTEARRAY_0[0x21AC] = value;
	D41A0_BYTESTR_0.byte_0x21AC = value;
};
uint8_t get_x_D41A0_BYTEARRAY_0_0x21ad() {
	testbyte(&x_D41A0_BYTEARRAY_0[0x21AD], &D41A0_BYTESTR_0.byte_0x21AD);
	return D41A0_BYTESTR_0.byte_0x21AD;
};
void set_x_D41A0_BYTEARRAY_0_0x21ad(uint8_t value) {
	x_D41A0_BYTEARRAY_0[0x21AD] = value;
	D41A0_BYTESTR_0.byte_0x21AD = value;
};
uint8_t get_x_D41A0_BYTEARRAY_0_0x21ae() {
	testbyte(&x_D41A0_BYTEARRAY_0[0x21AE], &D41A0_BYTESTR_0.byte_0x21AE);
	return D41A0_BYTESTR_0.byte_0x21AE;
};
void set_x_D41A0_BYTEARRAY_0_0xx21ae(uint8_t value) {
	x_D41A0_BYTEARRAY_0[0x21AE] = value;
	D41A0_BYTESTR_0.byte_0x21AE = value;
};
uint8_t get_x_D41A0_BYTEARRAY_0_0x21af() {
	testbyte(&x_D41A0_BYTEARRAY_0[0x21AF], &D41A0_BYTESTR_0.byte_0x21AF);
	return D41A0_BYTESTR_0.byte_0x21AF;
};
void set_x_D41A0_BYTEARRAY_0_0x21af(uint8_t value) {
	x_D41A0_BYTEARRAY_0[0x21AF] = value;
	D41A0_BYTESTR_0.byte_0x21AF = value;
};
uint8_t get_x_D41A0_BYTEARRAY_0_0x21b0() {
	testbyte(&x_D41A0_BYTEARRAY_0[0x21B0], &D41A0_BYTESTR_0.byte_0x21B0);
	return D41A0_BYTESTR_0.byte_0x21B0;
};
void set_x_D41A0_BYTEARRAY_0_0x21b0(uint8_t value) {
	x_D41A0_BYTEARRAY_0[0x21B0] = value;
	D41A0_BYTESTR_0.byte_0x21B0 = value;
};
uint8_t get_x_D41A0_BYTEARRAY_0_0x21b1() {
	testbyte(&x_D41A0_BYTEARRAY_0[0x21B1], &D41A0_BYTESTR_0.byte_0x21B1);
	return D41A0_BYTESTR_0.byte_0x21B1;
};
void set_x_D41A0_BYTEARRAY_0_0x21b1(uint8_t value) {
	x_D41A0_BYTEARRAY_0[0x21B1] = value;
	D41A0_BYTESTR_0.byte_0x21B1 = value;
};
uint8_t get_x_D41A0_BYTEARRAY_0_0x21b2() {
	testbyte(&x_D41A0_BYTEARRAY_0[0x21B2], &D41A0_BYTESTR_0.byte_0x21B2);
	return D41A0_BYTESTR_0.byte_0x21B2;
};
void set_x_D41A0_BYTEARRAY_0_0x21b2(uint8_t value) {
	x_D41A0_BYTEARRAY_0[0x21B2] = value;
	D41A0_BYTESTR_0.byte_0x21B2 = value;
};
uint8_t get_x_D41A0_BYTEARRAY_0_0x21b3() {
	testbyte(&x_D41A0_BYTEARRAY_0[0x21B3], &D41A0_BYTESTR_0.byte_0x21B3);
	return D41A0_BYTESTR_0.byte_0x21B3;
};
void set_x_D41A0_BYTEARRAY_0_0x21b3(uint8_t value) {
	x_D41A0_BYTEARRAY_0[0x21B3] = value;
	D41A0_BYTESTR_0.byte_0x21B3 = value;
};
uint8_t get_x_D41A0_BYTEARRAY_0_0x21b4() {
	testbyte(&x_D41A0_BYTEARRAY_0[0x21B4], &D41A0_BYTESTR_0.byte_0x21B4);
	return D41A0_BYTESTR_0.byte_0x21B4;
};
void set_x_D41A0_BYTEARRAY_0_0x21b4(uint8_t value) {
	x_D41A0_BYTEARRAY_0[0x21B4] = value;
	D41A0_BYTESTR_0.byte_0x21B4 = value;
};
uint8_t get_x_D41A0_BYTEARRAY_0_0x21b5() {
	testbyte(&x_D41A0_BYTEARRAY_0[0x21B5], &D41A0_BYTESTR_0.byte_0x21B5);
	return D41A0_BYTESTR_0.byte_0x21B5;
};
void set_x_D41A0_BYTEARRAY_0_0x21b5(uint8_t value) {
	x_D41A0_BYTEARRAY_0[0x21B5] = value;
	D41A0_BYTESTR_0.byte_0x21B5 = value;
};
uint8_t get_x_D41A0_BYTEARRAY_0_0x21b6() {
	testbyte(&x_D41A0_BYTEARRAY_0[0x21B6], &D41A0_BYTESTR_0.byte_0x21B6);
	return D41A0_BYTESTR_0.byte_0x21B6;
};
void set_x_D41A0_BYTEARRAY_0_0x21b6(uint8_t value) {
	x_D41A0_BYTEARRAY_0[0x21B6] = value;
	D41A0_BYTESTR_0.byte_0x21B6 = value;
};
uint8_t get_x_D41A0_BYTEARRAY_0_0x21b7() {
	testbyte(&x_D41A0_BYTEARRAY_0[0x21B7], &D41A0_BYTESTR_0.byte_0x21B7);
	return D41A0_BYTESTR_0.byte_0x21B7;
};
void set_x_D41A0_BYTEARRAY_0_0x21b7(uint8_t value) {
	x_D41A0_BYTEARRAY_0[0x21B7] = value;
	D41A0_BYTESTR_0.byte_0x21B7 = value;
};
uint8_t get_x_D41A0_BYTEARRAY_0_0x21b8() {
	testbyte(&x_D41A0_BYTEARRAY_0[0x21B8], &D41A0_BYTESTR_0.byte_0x21B8);
	return D41A0_BYTESTR_0.byte_0x21B8;
};
void set_x_D41A0_BYTEARRAY_0_0x21b8(uint8_t value) {
	x_D41A0_BYTEARRAY_0[0x21B8] = value;
	D41A0_BYTESTR_0.byte_0x21B8 = value;
};

axis_3d get_x_D41A0_BYTEARRAY_0_0x2362(int number) {
	testcbyte(6, (uint8_t*)&x_D41A0_BYTEARRAY_0[6 * number + 0x2362], (uint8_t*)&D41A0_BYTESTR_0.array_0x2362[number]);
	//testdword((int32_t*)&x_D41A0_BYTEARRAY_0[6*number+0x2362], &D41A0_BYTESTR_0.array_0x2362[number]);
	return D41A0_BYTESTR_0.array_0x2362[number];
};
void set_x_D41A0_BYTEARRAY_0_0x2362(int number, axis_3d value) {
	memcpy(&x_D41A0_BYTEARRAY_0[6 * number + 0x2362],&value,6);
	// *(int32_t*)&x_D41A0_BYTEARRAY_0[6 * number + 0x2362] = value;
	D41A0_BYTESTR_0.array_0x2362[number] = value;
};
*/
/*int16_t get_x_D41A0_BYTEARRAY_0_0x2366(int number) {
	testword((int16_t*)&x_D41A0_BYTEARRAY_0[6 * number + 0x2362+4], &D41A0_BYTESTR_0.array_0x2362[number].w);
	return D41A0_BYTESTR_0.array_0x2362[number].w;
};
void set_x_D41A0_BYTEARRAY_0_0x2366(int number, int16_t value) {
	*(int16_t*)&x_D41A0_BYTEARRAY_0[6 * number + 0x2362+4] = value;
	D41A0_BYTESTR_0.array_0x2362[number].w = value;
};*/

void clean_x_D41A0_BYTEARRAY_0_0x2362() {
	//memset((void*)(&x_D41A0_BYTEARRAY_0[0x2362]), 0, 48);
	for (int i = 0; i < 8; i++)
	{
		D41A0_0.array_0x2362[i].x = 0;
		D41A0_0.array_0x2362[i].y = 0;
		D41A0_0.array_0x2362[i].z = 0;
	}
};

void clean_x_D41A0_BYTEARRAY_0_0x2BDE(int number) {
	//memset((void*)(&x_D41A0_BYTEARRAY_0[0x2BDE+2124*number]), 0, 2124);
	memset((void*)(&D41A0_0.array_0x2BDE[number]), 0, 2124);
	/*for (int i = 0; i < 8; i++)
	{
		D41A0_BYTESTR_0.array_0x2BDE[i].byte_0x000_2BDE_11230=0;//0	//11230 - byte? - ne zacatek struktury
		D41A0_BYTESTR_0.array_0x2BDE[i].byte_0x001_2BDF_11231_xx = 0;
		D41A0_BYTESTR_0.array_0x2BDE[i].byte_0x002_2BE0_11232 = 0;//2	//11232 - byte //2
		D41A0_BYTESTR_0.array_0x2BDE[i].byte_0x003_2BE0_11233_xx = 0;
		D41A0_BYTESTR_0.array_0x2BDE[i].byte_0x004_2BE0_11234 = 0;//2	//11234 - byte //4
		D41A0_BYTESTR_0.array_0x2BDE[i].ShowDebugTextFlag_0x005_2BE0_11235_xx = 0;
		D41A0_BYTESTR_0.array_0x2BDE[i].byte_0x006_2BE4_11236 = 0;//6	//11236 - byte //6
		D41A0_BYTESTR_0.array_0x2BDE[i].byte_0x007_2BE4_11237_xx = 0;
		D41A0_BYTESTR_0.array_0x2BDE[i].byte_0x008_2BE4_11238_xx = 0;
		D41A0_BYTESTR_0.array_0x2BDE[i].IsAiPlayer_0x009_2BE4_11239_xx = 0;
		D41A0_BYTESTR_0.array_0x2BDE[i].playerIndex_0x00a_2BE4_11240 = 0;//10 //11240 - word - index z EA3E4 //0xa
		for (int j = 0; j < 16; j++)
			D41A0_BYTESTR_0.array_0x2BDE[i].stub[j]=0;
		for (int j = 0; j < 49; j++)
			D41A0_BYTESTR_0.array_0x2BDE[i].CurrentNotificationText_0x01c_2BFA_11258[j]=0;//28//11258 - byte* jmeno2?
		D41A0_BYTESTR_0.array_0x2BDE[i].word_0x04d_2C2B_11307 = 0;//77 //11307 - word
		D41A0_BYTESTR_0.array_0x2BDE[i].word_0x04d_2C2D_11309 = 0;//79 //11309 - word
		for (int j = 0; j < 846; j++)
			D41A0_BYTESTR_0.array_0x2BDE[i].stub2[j];
		for (int j = 0; j < 64; j++)
			D41A0_BYTESTR_0.array_0x2BDE[i].WizardName_0x39f_2BFA_12157[j];//927//12157 - byte(11230+927) 100% jmeno
		D41A0_BYTESTR_0.array_0x2BDE[i].MenuState_0x3DF_2BE4_12221 = 0;//991//12221 - byte
		D41A0_BYTESTR_0.array_0x2BDE[i].byte_0x3E0_2BE4_12222_xx = 0;
		D41A0_BYTESTR_0.array_0x2BDE[i].byte_0x3E1_2BE4_12223 = 0;//993//12223 - byte
		D41A0_BYTESTR_0.array_0x2BDE[i].byte_0x3E2_2BE4_12224 = 0;//994//12224 - byte
		for (int j = 0; j < 61; j++)
			D41A0_BYTESTR_0.array_0x2BDE[i].stub3[j];
		D41A0_BYTESTR_0.array_0x2BDE[i].byte_0x420_2BE4_12286 = 0;//1056//12286 - byte
		for (int j = 0; j < 942; j++)
			D41A0_BYTESTR_0.array_0x2BDE[i].stub4[j];
		for (int j = 0; j < 24; j++)
			D41A0_BYTESTR_0.array_0x2BDE[i].struct_0x649_2BDE_12839.array_0x7CF_2BDE_13229[j];
		D41A0_BYTESTR_0.array_0x2BDE[i].struct_0x649_2BDE_12839.word_0x7E7_2BDE_13253=0;
		for (int j = 0; j < 99; j++)
			D41A0_BYTESTR_0.array_0x2BDE[i].stub5[j];
	}*/
};
/*
void copyto_x_D41A0_BYTEARRAY_0_0x2BDE_0x7CF(int number, uint8_t* value) {
	memcpy(&x_D41A0_BYTEARRAY_0[0x2BDE + 2124*number+1999], value, 24);
	memcpy(D41A0_BYTESTR_0.array_0x2BDE[number].struct_0x649_2BDE_12839.array_0x7CF_2BDE_13229, value, 24);
};

void copyto_x_D41A0_BYTEARRAY_0_0x2BDE_0x7E7(int number, uint8_t* value) {
	memcpy(&x_D41A0_BYTEARRAY_0[0x2BDE + 2124 * number + 2023], value, 24);
	//xx D41A0_BYTESTR_0.array_0x2BDE[number].struct_0x649_2BDE_12839.word_0x7E7_2BDE_13253 = value;
	memcpy(&D41A0_BYTESTR_0.array_0x2BDE[number].struct_0x649_2BDE_12839.array_0x7CF_2BDE_13229[24], value, 24);
};

void set_x_D41A0_BYTEARRAY_0_0x2BDE_0x7(int number, int16_t value) {
	*(int16_t*)&x_D41A0_BYTEARRAY_0[0x2BDE + 2124 * number + 0x7] = value;
	D41A0_BYTESTR_0.array_0x2BDE[number].word_0x007_2BE4_11237 = value;
};

int8_t get_x_D41A0_BYTEARRAY_0_0x2BDE_0x9(int number) {
	testbyte(&x_D41A0_BYTEARRAY_0[0x2BDE + 2124 * number + 0x9], (uint8_t*)&D41A0_BYTESTR_0.array_0x2BDE[number].IsAiPlayer_0x009_2BE4_11239);
	return D41A0_BYTESTR_0.array_0x2BDE[number].IsAiPlayer_0x009_2BE4_11239;
};

void set_x_D41A0_BYTEARRAY_0_0x2BDE_0x9(int number, int8_t value) {
	*(int8_t*)&x_D41A0_BYTEARRAY_0[0x2BDE + 2124 * number + 0x9] = value;
	D41A0_BYTESTR_0.array_0x2BDE[number].IsAiPlayer_0x009_2BE4_11239 = value;
};
void set_x_D41A0_BYTEARRAY_0_0x2BDE_0xe(int number, int16_t value) {
	*(int16_t*)&x_D41A0_BYTEARRAY_0[0x2BDE + 2124 * number + 0xe] = value;
	D41A0_BYTESTR_0.array_0x2BDE[number].ActPlayerIndex_0x00e_2BDE_11244 = value;
};
int16_t get_x_D41A0_BYTEARRAY_0_0x2BDE_0x10(int number) {
	testword((int16_t*)&x_D41A0_BYTEARRAY_0[0x2BDE + 2124 * number + 0x10], &D41A0_BYTESTR_0.array_0x2BDE[number].word_0x010_2BDE_11246);
	return D41A0_BYTESTR_0.array_0x2BDE[number].word_0x010_2BDE_11246;
};
void set_x_D41A0_BYTEARRAY_0_0x2BDE_0x10(int number, int16_t value) {
	*(int16_t*)&x_D41A0_BYTEARRAY_0[0x2BDE + 2124 * number + 0x10] = value;
	D41A0_BYTESTR_0.array_0x2BDE[number].word_0x010_2BDE_11246 = value;
};

void set_x_D41A0_BYTEARRAY_0_0x2BDE_0x18(int number, int32_t value) {
	*(int32_t*)&x_D41A0_BYTEARRAY_0[0x2BDE + 2124 * number + 0x18]=value;
	D41A0_BYTESTR_0.array_0x2BDE[number].dword_0x018_2BDE_11254 = value;
};

void set_x_D41A0_BYTEARRAY_0_0x2BDE_0x3e1(int number, int8_t value) {
	*(int8_t*)&x_D41A0_BYTEARRAY_0[0x2BDE + 2124 * number + 0x3e1] = value;
	D41A0_BYTESTR_0.array_0x2BDE[number].byte_0x3E1_2BE4_12223 = value;
};

int32_t get_x_D41A0_BYTEARRAY_0_0x2BDE_0x1d1_2BDE_11707(int index, int subindex) {
	testdword((int32_t*)&x_D41A0_BYTEARRAY_0[0x84c * index +0x1d1+ 0x2BDE + 0xe * subindex + 0], &D41A0_BYTESTR_0.array_0x2BDE[index].struct_0x1d1_2BDE_11695[subindex].dword_0x1d1_2BDE_11695);
	return D41A0_BYTESTR_0.array_0x2BDE[index].struct_0x1d1_2BDE_11695[subindex].dword_0x1d1_2BDE_11695;
};//465
void set_x_D41A0_BYTEARRAY_0_0x2BDE_0x1d1_2BDE_11707(int index, int subindex, int32_t value) {
	*(int32_t*)&x_D41A0_BYTEARRAY_0[0x2BDE + 2124 * index + 0x1d1 + 0xe * subindex + 0] = value;
	D41A0_BYTESTR_0.array_0x2BDE[index].struct_0x1d1_2BDE_11695[subindex].dword_0x1d1_2BDE_11695 = value;
};//465

int32_t get_x_D41A0_BYTEARRAY_0_0x2BDE_0x1d5_2BDE_11707(int index, int subindex) {
	testdword((int32_t*)&x_D41A0_BYTEARRAY_0[0x84c * index + 0x1d1 + 0x2BDE + 0xe * subindex + 4], &D41A0_BYTESTR_0.array_0x2BDE[index].struct_0x1d1_2BDE_11695[subindex].dword_0x1d5_2BDE_11699);
	return D41A0_BYTESTR_0.array_0x2BDE[index].struct_0x1d1_2BDE_11695[subindex].dword_0x1d5_2BDE_11699;
};//469
void set_x_D41A0_BYTEARRAY_0_0x2BDE_0x1d5_2BDE_11707(int index, int subindex, int32_t value) {
	*(int32_t*)&x_D41A0_BYTEARRAY_0[0x2BDE + 2124 * index + 0x1d1 + 0xe * subindex + 4] = value;
	D41A0_BYTESTR_0.array_0x2BDE[index].struct_0x1d1_2BDE_11695[subindex].dword_0x1d5_2BDE_11699 = value;
};//469

int32_t get_x_D41A0_BYTEARRAY_0_0x2BDE_0x1d9_2BDE_11707(int index, int subindex) {
	testdword((int32_t*)&x_D41A0_BYTEARRAY_0[0x84c * index + 0x1d1 + 0x2BDE + 0xe * subindex + 8], &D41A0_BYTESTR_0.array_0x2BDE[index].struct_0x1d1_2BDE_11695[subindex].dword_0x1d9_2BDE_11703);
	return D41A0_BYTESTR_0.array_0x2BDE[index].struct_0x1d1_2BDE_11695[subindex].dword_0x1d9_2BDE_11703;
};//473
void set_x_D41A0_BYTEARRAY_0_0x2BDE_0x1d9_2BDE_11707(int index, int subindex, int32_t value) {
	*(int32_t*)&x_D41A0_BYTEARRAY_0[0x2BDE + 2124 * index + 0x1d1 + 0xe * subindex + 8] = value;
	D41A0_BYTESTR_0.array_0x2BDE[index].struct_0x1d1_2BDE_11695[subindex].dword_0x1d9_2BDE_11703 = value;
};//473
int16_t get_x_D41A0_BYTEARRAY_0_0x2BDE_0x1dd_2BDE_11707(int index, int subindex) {
	testword((int16_t*)&x_D41A0_BYTEARRAY_0[0x84c * index + 0x1d1 + 0x2BDE + 0xe*subindex+12], &D41A0_BYTESTR_0.array_0x2BDE[index].struct_0x1d1_2BDE_11695[subindex].word_0x1dd_2BDE_11707);
	return D41A0_BYTESTR_0.array_0x2BDE[index].struct_0x1d1_2BDE_11695[subindex].word_0x1dd_2BDE_11707;
};//477
void set_x_D41A0_BYTEARRAY_0_0x2BDE_0x1dd_2BDE_11707(int index, int subindex, int16_t value) {
	*(int16_t*)&x_D41A0_BYTEARRAY_0[0x2BDE + 2124 * index + 0x1d1 + 0xe* subindex+12] = value;
	D41A0_BYTESTR_0.array_0x2BDE[index].struct_0x1d1_2BDE_11695[subindex].word_0x1dd_2BDE_11707 = value;
};//477

int8_t* get_x_D41A0_BYTEARRAY_0_0x2BDE_0x39f_2BFA_12157(int index) {
	return D41A0_BYTESTR_0.array_0x2BDE[index].WizardName_0x39f_2BFA_12157;
};

void set_x_D41A0_BYTEARRAY_0_0x2BDE_0x5a6(int number, int8_t value) {
	x_D41A0_BYTEARRAY_0[0x84c * number + 0x2BDE+0x5a6] = value;
	D41A0_BYTESTR_0.array_0x2BDE[number].byte_0x5a6_2BE4_12676 = value;
};

uint8_t* get_x_D41A0_BYTEARRAY_0_0x2BDE_0x649(int number) {
	return (uint8_t*)&D41A0_BYTESTR_0.array_0x2BDE[number].struct_0x649_2BDE_12839;
};

void set_x_D41A0_BYTEARRAY_0_0x2BDE_0x649(int index, int subindex, int32_t value) {
	*(int32_t*)&x_D41A0_BYTEARRAY_0[0x84c * index + 0x2BDE+0x649 + 4 * subindex] = value;
	D41A0_BYTESTR_0.array_0x2BDE[index].struct_0x649_2BDE_12839.dword_0x649_2BDE[subindex] = value;
};

void set_x_D41A0_BYTEARRAY_0_0x2BDE_0x717(int index, int subindex, int16_t value) {
	*(int16_t*)&x_D41A0_BYTEARRAY_0[0x84c * index + 0x2BDE + 0x717+2* subindex] = value;
	D41A0_BYTESTR_0.array_0x2BDE[index].struct_0x649_2BDE_12839.word_0x717_2BDE[subindex] = value;
};

void set_x_D41A0_BYTEARRAY_0_0x2BDE_0x781(int index, int subindex, int8_t value) {
	x_D41A0_BYTEARRAY_0[0x2BDE + 0x84c * index + 0x781 + subindex] = value;
	D41A0_BYTESTR_0.array_0x2BDE[index].struct_0x649_2BDE_12839.byte_0x781_2BDE[subindex] = value;
};

int8_t get_x_D41A0_BYTEARRAY_0_0x2BDE_0x7B5(int index, int subindex) {
	testbyte(&x_D41A0_BYTEARRAY_0[0x84c * index + 0x2BDE + 0x7b5 + subindex], (uint8_t*)&D41A0_BYTESTR_0.array_0x2BDE[index].struct_0x649_2BDE_12839.byte_0x7B5_2BDE[subindex]);
	return D41A0_BYTESTR_0.array_0x2BDE[index].struct_0x649_2BDE_12839.byte_0x7B5_2BDE[subindex];
};

void set_x_D41A0_BYTEARRAY_0_0x2BDE_0x7B5(int index, int subindex, int8_t value) {
	x_D41A0_BYTEARRAY_0[0x84c * index + 0x2BDE + 0x7b5 + subindex] = value;
	D41A0_BYTESTR_0.array_0x2BDE[index].struct_0x649_2BDE_12839.byte_0x7B5_2BDE[subindex] = value;
};

int8_t get_x_D41A0_BYTEARRAY_0_0x2BDE_0x7CF(int index, int subindex) {
	testbyte(&x_D41A0_BYTEARRAY_0[0x84c * index + 0x2BDE + 0x7cf + subindex], (uint8_t*)&D41A0_BYTESTR_0.array_0x2BDE[index].struct_0x649_2BDE_12839.array_0x7CF_2BDE_13229[subindex]);
	return D41A0_BYTESTR_0.array_0x2BDE[index].struct_0x649_2BDE_12839.array_0x7CF_2BDE_13229[subindex];
};
void set_x_D41A0_BYTEARRAY_0_0x2BDE_0x7CF(int index, int subindex, int8_t value) {
	x_D41A0_BYTEARRAY_0[0x84c * index + 0x2BDE+0x7cf + subindex] = value;
	D41A0_BYTESTR_0.array_0x2BDE[index].struct_0x649_2BDE_12839.array_0x7CF_2BDE_13229[subindex] = value;
};

void set_x_D41A0_BYTEARRAY_0_0x2BDE_0x7e8(int index, int subindex, int8_t value) {
	x_D41A0_BYTEARRAY_0[0x84c * index + 0x2BDE + 0x7e8 + subindex] = value;
	D41A0_BYTESTR_0.array_0x2BDE[index].struct_0x649_2BDE_12839.array_0x7CF_2BDE_13229[0x18+subindex+1] = value;
};
int8_t get_x_D41A0_BYTEARRAY_0_0x2BDE_0x803(int index, int subindex) {
	testbyte(&x_D41A0_BYTEARRAY_0[0x84c * index + 0x2BDE + 0x803 + subindex], (uint8_t*)&D41A0_BYTESTR_0.array_0x2BDE[index].struct_0x649_2BDE_12839.byte_0x803_2BDE[subindex]);
	return D41A0_BYTESTR_0.array_0x2BDE[index].struct_0x649_2BDE_12839.byte_0x803_2BDE[subindex];
};
void set_x_D41A0_BYTEARRAY_0_0x2BDE_0x803(int index, int subindex, int8_t value) {
	x_D41A0_BYTEARRAY_0[0x84c * index + 0x2BDE + 0x803 + subindex] = value;
	D41A0_BYTESTR_0.array_0x2BDE[index].struct_0x649_2BDE_12839.byte_0x803_2BDE[subindex] = value;
};
void set_x_D41A0_BYTEARRAY_0_0x2BDE_0x81c(int index, int subindex, int8_t value) {
	x_D41A0_BYTEARRAY_0[0x84c * index + 0x2BDE + 0x81c + subindex] = value;
	D41A0_BYTESTR_0.array_0x2BDE[index].struct_0x649_2BDE_12839.byte_0x81C_2BDE[subindex] = value;
};

int16_t get_x_D41A0_BYTEARRAY_0_0x2BDE_0x837(int index) {
	testword((int16_t*)&x_D41A0_BYTEARRAY_0[0x84c * index + 0x2BDE+0x837], (int16_t*)&D41A0_BYTESTR_0.array_0x2BDE[index].word_0x837_2BDE);
	return D41A0_BYTESTR_0.array_0x2BDE[index].word_0x837_2BDE;
};
void set_x_D41A0_BYTEARRAY_0_0x2BDE_0x837(int index, int16_t value) {
	*(int16_t*)&x_D41A0_BYTEARRAY_0[0x84c * index + 0x2BDE + 0x837] = value;
	D41A0_BYTESTR_0.array_0x2BDE[index].word_0x837_2BDE = value;
};
int16_t get_x_D41A0_BYTEARRAY_0_0x2BDE_0x839(int index) {
	testword((int16_t*)&x_D41A0_BYTEARRAY_0[0x84c * index + 0x2BDE + 0x839], (int16_t*)&D41A0_BYTESTR_0.array_0x2BDE[index].word_0x839_2BDE);
	return D41A0_BYTESTR_0.array_0x2BDE[index].word_0x839_2BDE;
};
void set_x_D41A0_BYTEARRAY_0_0x2BDE_0x839(int index, int16_t value) {
	*(int16_t*)&x_D41A0_BYTEARRAY_0[0x84c * index + 0x2BDE + 0x839] = value;
	D41A0_BYTESTR_0.array_0x2BDE[index].word_0x839_2BDE = value;
};

uint8_t get_x_D41A0_BYTEARRAY_0_0x2BDE(int number) {
	testbyte(&x_D41A0_BYTEARRAY_0[0x84c * number + 0x2BDE], &D41A0_BYTESTR_0.array_0x2BDE[number].byte_0x002_2BE0_11232);
	return D41A0_BYTESTR_0.array_0x2BDE[number].byte_0x002_2BE0_11232;
};
void set_x_D41A0_BYTEARRAY_0_0x2BDE(int number, uint8_t value) {
	x_D41A0_BYTEARRAY_0[0x84c * number + 0x2BDE] = value;
	D41A0_BYTESTR_0.array_0x2BDE[number].byte_0x002_2BE0_11232 = value;
};

//playerInputs_0x6E3E
int8_t get_x_D41A0_BYTEARRAY_0_0x6E3E(int index, int subindex) {
	testbyte(&x_D41A0_BYTEARRAY_0[0x6E3E+ index*0xa+ subindex], (uint8_t*)&D41A0_BYTESTR_0.playerInputs_0x6E3E[index]);
	return D41A0_BYTESTR_0.playerInputs_0x6E3E[index][subindex];
};
void set_x_D41A0_BYTEARRAY_0_0x6E3E(int index, int subindex, int8_t value) {
	x_D41A0_BYTEARRAY_0[0x6E3E + index*0xa+ subindex] = value;
	D41A0_BYTESTR_0.playerInputs_0x6E3E[index][subindex] = value;
};

type_str_0x6E8E* get_x_D41A0_BYTEARRAY_0_0x6E8E_adr() {
	return D41A0_BYTESTR_0.struct_0x6E8E;
};
*/
/*
uint8_t* get_x_D41A0_BYTEARRAY_0_0x6F32() {
	testdword((int32_t*)&x_D41A0_BYTEARRAY_0[0x6F32], (int32_t*)&D41A0_BYTESTR_0.pointer_0x6F32);
	return D41A0_BYTESTR_0.pointer_0x6F32;
};
void set_x_D41A0_BYTEARRAY_0_0x6F32(uint8_t* value) {
	*(uint8_t**)&x_D41A0_BYTEARRAY_0[0x6F32] = value;
	D41A0_BYTESTR_0.pointer_0x6F32 = value;
};

uint8_t get_x_D41A0_BYTEARRAY_0_0x36e0b() {
	testbyte(&x_D41A0_BYTEARRAY_0[0x36E0B], &D41A0_BYTESTR_0.byte_0x36E0B);
	return x_D41A0_BYTEARRAY_0[0x36E0B];
};
void set_x_D41A0_BYTEARRAY_0_0x36e0b(uint8_t value) {
	x_D41A0_BYTEARRAY_0[0x36E0B] = value;
	D41A0_BYTESTR_0.byte_0x36E0B = value;
};
void and_x_D41A0_BYTEARRAY_0_0x36e0b(uint8_t value) {
	set_x_D41A0_BYTEARRAY_0_0x36e0b(get_x_D41A0_BYTEARRAY_0_0x36e0b()&value);
};

void clean_x_D41A0_BYTEARRAY_0() {
	D41A0_BYTESTR_0.dword_0x8 = 0;
};
*/
void errorsize(int type, int size)
{
	Logger->trace("Test x_D41A0_BYTEARRAY_0 {} {} ERROR", type, size);
	//exit(0);
}
/*
void test_x_D41A0_BYTEARRAY_0() {
	//test1
	if (D41A0_BYTESTR_0.dword_0x8 != *(x_DWORD *)(x_D41A0_BYTEARRAY_0 + 8))errorsize(0,0);
	//test2
	if (sizeof(D41A0_BYTESTR_0) != 0x36e18)
	{
		;// errorsize(1, sizeof(D41A0_BYTESTR_0));
	}
	//test3
	for(int i=0;i< 0x36e17;i++)
		if(((uint8_t*)&D41A0_BYTESTR_0)[i]!= x_D41A0_BYTEARRAY_0[i])//((uint8_t*)&D41A0_BYTESTR_0+i)
			errorsize(2,i);
};
*/

int my_sign32(int32_t var)
{
	if (var < 0)return -1;
	return 0;
}

int my_sign16(int16_t var)
{
	return my_sign32(var);
}
